{
  "env": "local",
  "appBaseUrl": "",
  "designAppUrl": "",
  "vemioBaseUrl": "",
  "contactUsUrl": "",
  "liveChatProviderUrl": "",
  "stripeClientKey": "",
  "knowledgeBaseUrl": "",
  "apiConfigs": {
    "apiBaseUrl": "",
    "apiVersion": "",
    "paymentApiUrl": "",
    "paymentApiVersion": "v1",
    "iconRepoApiUrl": "",
    "iconRepoApiVersion": "v1",
    "marketplaceApiUrl": "",
    "marketplaceApiVersion": "v1",
    "accountServerApiUrl": "",
    "accountServerApiVersion": "",
    "reportApiUrl": "",
    "reportApiVersion": "v1.0"
  },
  "languages": [
    {
      "id": "en",
      "label": "English",
      "isDefault": true
    },
    {
      "id": "bn",
      "label": "বাংলা",
      "isDefault": false
    },
    {
      "id": "fr",
      "label": "Français",
      "isDefault": false
    }
  ],
  "recordSavingToLocalStateIsAllowed": false,
  "oidcIdentityServerConfig": {
    "stsAuthority": "",
    "clientId": "identity_client_abis",
    "postLoginRedirectUri": "/auth/login-redirect",
    "postLogoutRedirectUri": "/assets/oidc-post-logout.html",
    "scope": "openid profile api1",
    "responseType": "id_token token",
    "silentRedirectUri": "/assets/oidc-silent-redirect.html"
  }
}
