{
    "Result": {
      "Count": 15000,
      "Items": [
        {
          "id": "58ec0932-2dd8-41ca-8584-2fe0561817a2",
          "Type": 1,
          "TypeId": "c7e72bdc-21e0-4ec5-b13a-4e6bde317307",
          "ClientId": 5106148800001076,
          "AppId": "1d6cc0c3-350d-4490-9d64-0afed3497164",
          "CreateDate": "2021-05-06T04:48:00.773Z",
          "CreatedById": "cb4f8558-1a3b-42d7-a070-c3776a842651",
          "CreatedBy": "Shah Abdul Mustakim",
          "Status": 2,
          "OriginClient": 3,
          "OriginClientVersion": "5.5.7.1",
          "DisplayName": "agievesrr12345",
          "stringField7": "agievesrr12345",
          "stringField0": "+8801711234567",
          "stringField1": "Aenean lectus. Pellentesque eget nunc. Donec quis orci eget orci vehicula condimentum.\n\nCurabitur in libero ut massa volutpat convallis. Morbi odio odio, elementum eu, interdum eu, tincidunt in, leo. Maecenas pulvinar lobortis est.\n\nPhasellus sit amet erat. Nulla tempus. Vivamus in felis eu sapien cursus vestibulum.",
          "stringField2": "Choice 2",
          "booleanField1": false,
          "stringField3": "Choice 3",
          "stringField4": "Choice 2",
          "stringField5": "1:53 AM",
          "numericField0": 4.86,
          "stringField6": "Prohaska, Bechtelar and Kassulke",
          "booleanField0": false,
          "dateField0": "2021-02-14T00:00:00Z",
          "dateField1": "2021-03-01T00:00:00Z",
          "_version_": 1698983031835984000
        },
        {
          "id": "254bcbf2-3273-4669-86ed-5a20f5113efc",
          "Type": 1,
          "TypeId": "c7e72bdc-21e0-4ec5-b13a-4e6bde317307",
          "ClientId": 5106148800001076,
          "AppId": "1d6cc0c3-350d-4490-9d64-0afed3497164",
          "CreateDate": "2021-05-06T04:48:00.772Z",
          "CreatedById": "cb4f8558-1a3b-42d7-a070-c3776a842651",
          "CreatedBy": "Shah Abdul Mustakim",
          "Status": 2,
          "OriginClient": 3,
          "OriginClientVersion": "5.5.7.1",
          "DisplayName": "mdemaine1229",
          "stringField7": "mdemaine1229",
          "stringField0": "+8801711234567",
          "stringField1": "Duis bibendum, felis sed interdum venenatis, turpis enim blandit mi, in porttitor pede justo eu massa. Donec dapibus. Duis at velit eu est congue elementum.\n\nIn hac habitasse platea dictumst. Morbi vestibulum, velit id pretium iaculis, diam erat fermentum justo, nec condimentum neque sapien placerat ante. Nulla justo.\n\nAliquam quis turpis eget elit sodales scelerisque. Mauris sit amet eros. Suspendisse accumsan tortor quis turpis.",
          "booleanField1": true,
          "stringField3": "Choice 2",
          "stringField4": "Choice 3",
          "stringField5": "1:20 PM",
          "numericField0": 4.58,
          "stringField6": "Auer LLC",
          "booleanField0": true,
          "dateField1": "2020-07-25T00:00:00Z",
          "_version_": 1698983031834935300
        },
        {
          "id": "0a04c321-6a7a-4b0d-9e4d-1f9985e4e4f0",
          "Type": 1,
          "TypeId": "c7e72bdc-21e0-4ec5-b13a-4e6bde317307",
          "ClientId": 5106148800001076,
          "AppId": "1d6cc0c3-350d-4490-9d64-0afed3497164",
          "CreateDate": "2021-05-06T04:48:00.772Z",
          "CreatedById": "cb4f8558-1a3b-42d7-a070-c3776a842651",
          "CreatedBy": "Shah Abdul Mustakim",
          "Status": 2,
          "OriginClient": 3,
          "OriginClientVersion": "5.5.7.1",
          "DisplayName": "mdemaine1228",
          "stringField7": "mdemaine1228",
          "stringField0": "+8801711234567",
          "stringField1": "Aliquam quis turpis eget elit sodales scelerisque. Mauris sit amet eros. Suspendisse accumsan tortor quis turpis.",
          "stringField2": "Choice 3",
          "booleanField1": false,
          "stringField3": "Choice 2",
          "stringField4": "Choice 3",
          "stringField5": "5:05 AM",
          "numericField0": 2.04,
          "stringField6": "Ziemann and Sons",
          "booleanField0": true,
          "dateField0": "2020-10-21T00:00:00Z",
          "dateField1": "2020-08-27T00:00:00Z",
          "_version_": 1698983031833886700
        },
        {
          "id": "a5fa4b66-824b-4219-80c1-7c857c881a4f",
          "Type": 1,
          "TypeId": "c7e72bdc-21e0-4ec5-b13a-4e6bde317307",
          "ClientId": 5106148800001076,
          "AppId": "1d6cc0c3-350d-4490-9d64-0afed3497164",
          "CreateDate": "2021-05-06T04:48:00.768Z",
          "CreatedById": "cb4f8558-1a3b-42d7-a070-c3776a842651",
          "CreatedBy": "Shah Abdul Mustakim",
          "Status": 2,
          "OriginClient": 3,
          "OriginClientVersion": "5.5.7.1",
          "DisplayName": "mdemaine1227",
          "stringField7": "mdemaine1227",
          "stringField0": "+8801711234567",
          "stringField1": "Praesent id massa id nisl venenatis lacinia. Aenean sit amet justo. Morbi ut odio.",
          "stringField2": "Choice 1",
          "booleanField1": true,
          "stringField3": "Choice 3",
          "stringField4": "Choice 1",
          "stringField5": "5:13 AM",
          "numericField0": 1.22,
          "stringField6": "Leannon-Grimes",
          "booleanField0": false,
          "dateField0": "2020-05-29T00:00:00Z",
          "dateField1": "2020-08-18T00:00:00Z",
          "_version_": 1698983031832838100
        },
        {
          "id": "2e85e88f-3420-4208-ac87-a989bb35dda4",
          "Type": 1,
          "TypeId": "c7e72bdc-21e0-4ec5-b13a-4e6bde317307",
          "ClientId": 5106148800001076,
          "AppId": "1d6cc0c3-350d-4490-9d64-0afed3497164",
          "CreateDate": "2021-05-06T04:48:00.768Z",
          "CreatedById": "cb4f8558-1a3b-42d7-a070-c3776a842651",
          "CreatedBy": "Shah Abdul Mustakim",
          "Status": 2,
          "OriginClient": 3,
          "OriginClientVersion": "5.5.7.1",
          "DisplayName": "mdemaine1226",
          "stringField7": "mdemaine1226",
          "stringField0": "+8801711234567",
          "stringField1": "Duis bibendum. Morbi non quam nec dui luctus rutrum. Nulla tellus.\n\nIn sagittis dui vel nisl. Duis ac nibh. Fusce lacus purus, aliquet at, feugiat non, pretium quis, lectus.\n\nSuspendisse potenti. In eleifend quam a odio. In hac habitasse platea dictumst.",
          "stringField2": "Choice 3",
          "booleanField1": false,
          "stringField3": "Choice 3",
          "stringField4": "Choice 3",
          "stringField5": "3:03 AM",
          "numericField0": 4.3,
          "stringField6": "Heathcote and Sons",
          "booleanField0": true,
          "dateField0": "2020-06-29T00:00:00Z",
          "dateField1": "2020-04-28T00:00:00Z",
          "_version_": 1698983031831789600
        },
        {
          "id": "20330a87-fb5d-42b7-bcd6-957184b4e832",
          "Type": 1,
          "TypeId": "c7e72bdc-21e0-4ec5-b13a-4e6bde317307",
          "ClientId": 5106148800001076,
          "AppId": "1d6cc0c3-350d-4490-9d64-0afed3497164",
          "CreateDate": "2021-05-06T04:48:00.768Z",
          "CreatedById": "cb4f8558-1a3b-42d7-a070-c3776a842651",
          "CreatedBy": "Shah Abdul Mustakim",
          "Status": 2,
          "OriginClient": 3,
          "OriginClientVersion": "5.5.7.1",
          "DisplayName": "mdemaine1225",
          "stringField7": "mdemaine1225",
          "stringField0": "+8801711234567",
          "stringField1": "Aenean lectus. Pellentesque eget nunc. Donec quis orci eget orci vehicula condimentum.",
          "stringField2": "Choice 1",
          "booleanField1": false,
          "stringField3": "Choice 1",
          "stringField4": "Choice 1",
          "stringField5": "1:39 AM",
          "numericField0": 2.85,
          "stringField6": "Cruickshank and Sons",
          "booleanField0": true,
          "dateField0": "2021-01-27T00:00:00Z",
          "dateField1": "2021-01-06T00:00:00Z",
          "_version_": 1698983031830741000
        },
        {
          "id": "3e11d732-c527-433c-934c-b90661a2e272",
          "Type": 1,
          "TypeId": "c7e72bdc-21e0-4ec5-b13a-4e6bde317307",
          "ClientId": 5106148800001076,
          "AppId": "1d6cc0c3-350d-4490-9d64-0afed3497164",
          "CreateDate": "2021-05-06T04:48:00.767Z",
          "CreatedById": "cb4f8558-1a3b-42d7-a070-c3776a842651",
          "CreatedBy": "Shah Abdul Mustakim",
          "Status": 2,
          "OriginClient": 3,
          "OriginClientVersion": "5.5.7.1",
          "DisplayName": "mdemaine1224",
          "stringField7": "mdemaine1224",
          "stringField0": "+8801711234567",
          "stringField1": "Vestibulum ac est lacinia nisi venenatis tristique. Fusce congue, diam id ornare imperdiet, sapien urna pretium nisl, ut volutpat sapien arcu sed augue. Aliquam erat volutpat.\n\nIn congue. Etiam justo. Etiam pretium iaculis justo.\n\nIn hac habitasse platea dictumst. Etiam faucibus cursus urna. Ut tellus.",
          "stringField2": "Choice 3",
          "booleanField1": false,
          "stringField3": "Choice 3",
          "stringField4": "Choice 2",
          "stringField5": "5:32 PM",
          "numericField0": 2.18,
          "stringField6": "Carter, Schmeler and Fay",
          "booleanField0": false,
          "dateField0": "2020-05-09T00:00:00Z",
          "dateField1": "2020-04-26T00:00:00Z",
          "_version_": 1698983031829692400
        },
        {
          "id": "ccc3cee7-b7bc-434f-ba2f-2139d063fc96",
          "Type": 1,
          "TypeId": "c7e72bdc-21e0-4ec5-b13a-4e6bde317307",
          "ClientId": 5106148800001076,
          "AppId": "1d6cc0c3-350d-4490-9d64-0afed3497164",
          "CreateDate": "2021-05-06T04:48:00.767Z",
          "CreatedById": "cb4f8558-1a3b-42d7-a070-c3776a842651",
          "CreatedBy": "Shah Abdul Mustakim",
          "Status": 2,
          "OriginClient": 3,
          "OriginClientVersion": "5.5.7.1",
          "DisplayName": "mdemaine1223",
          "stringField7": "mdemaine1223",
          "stringField0": "+8801711234567",
          "stringField1": "Cras mi pede, malesuada in, imperdiet et, commodo vulputate, justo. In blandit ultrices enim. Lorem ipsum dolor sit amet, consectetuer adipiscing elit.\n\nProin interdum mauris non ligula pellentesque ultrices. Phasellus id sapien in sapien iaculis congue. Vivamus metus arcu, adipiscing molestie, hendrerit at, vulputate vitae, nisl.",
          "stringField2": "Choice 2",
          "booleanField1": false,
          "stringField3": "Choice 1",
          "stringField4": "Choice 1",
          "stringField5": "10:57 PM",
          "numericField0": 3.88,
          "stringField6": "Kuhlman-Davis",
          "booleanField0": true,
          "dateField0": "2020-11-13T00:00:00Z",
          "dateField1": "2021-04-15T00:00:00Z",
          "_version_": 1698983031828643800
        },
        {
          "id": "fa2a4383-f9b8-4b6f-b50a-7f892f33eaa6",
          "Type": 1,
          "TypeId": "c7e72bdc-21e0-4ec5-b13a-4e6bde317307",
          "ClientId": 5106148800001076,
          "AppId": "1d6cc0c3-350d-4490-9d64-0afed3497164",
          "CreateDate": "2021-05-06T04:48:00.765Z",
          "CreatedById": "cb4f8558-1a3b-42d7-a070-c3776a842651",
          "CreatedBy": "Shah Abdul Mustakim",
          "Status": 2,
          "OriginClient": 3,
          "OriginClientVersion": "5.5.7.1",
          "DisplayName": "mdemaine1222",
          "stringField7": "mdemaine1222",
          "stringField0": "+8801711234567",
          "stringField1": "Vestibulum ac est lacinia nisi venenatis tristique. Fusce congue, diam id ornare imperdiet, sapien urna pretium nisl, ut volutpat sapien arcu sed augue. Aliquam erat volutpat.",
          "stringField2": "Choice 2",
          "booleanField1": false,
          "stringField3": "Choice 3",
          "stringField4": "Choice 3",
          "stringField5": "9:30 AM",
          "numericField0": 1.39,
          "stringField6": "Kozey, Littel and Rath",
          "booleanField0": true,
          "dateField0": "2020-06-25T00:00:00Z",
          "dateField1": "2021-01-26T00:00:00Z",
          "_version_": 1698983031827595300
        },
        {
          "id": "084d6e8a-7c58-4a40-b8ba-2ac7acfa70c0",
          "Type": 1,
          "TypeId": "c7e72bdc-21e0-4ec5-b13a-4e6bde317307",
          "ClientId": 5106148800001076,
          "AppId": "1d6cc0c3-350d-4490-9d64-0afed3497164",
          "CreateDate": "2021-05-06T04:48:00.765Z",
          "CreatedById": "cb4f8558-1a3b-42d7-a070-c3776a842651",
          "CreatedBy": "Shah Abdul Mustakim",
          "Status": 2,
          "OriginClient": 3,
          "OriginClientVersion": "5.5.7.1",
          "DisplayName": "mdemaine1221",
          "stringField7": "mdemaine1221",
          "stringField0": "+8801711234567",
          "stringField1": "Cras mi pede, malesuada in, imperdiet et, commodo vulputate, justo. In blandit ultrices enim. Lorem ipsum dolor sit amet, consectetuer adipiscing elit.\n\nProin interdum mauris non ligula pellentesque ultrices. Phasellus id sapien in sapien iaculis congue. Vivamus metus arcu, adipiscing molestie, hendrerit at, vulputate vitae, nisl.",
          "stringField2": "Choice 2",
          "booleanField1": true,
          "stringField3": "Choice 3",
          "stringField4": "Choice 1",
          "stringField5": "10:23 PM",
          "stringField6": "Kertzmann-Gleason",
          "booleanField0": true,
          "dateField0": "2020-05-02T00:00:00Z",
          "dateField1": "2020-07-20T00:00:00Z",
          "_version_": 1698983031826546700
        },
        {
          "id": "9afcd5d3-fa2d-4568-99d4-0fcf5d52cbd8",
          "Type": 1,
          "TypeId": "c7e72bdc-21e0-4ec5-b13a-4e6bde317307",
          "ClientId": 5106148800001076,
          "AppId": "1d6cc0c3-350d-4490-9d64-0afed3497164",
          "CreateDate": "2021-05-06T04:48:00.764Z",
          "CreatedById": "cb4f8558-1a3b-42d7-a070-c3776a842651",
          "CreatedBy": "Shah Abdul Mustakim",
          "Status": 2,
          "OriginClient": 3,
          "OriginClientVersion": "5.5.7.1",
          "DisplayName": "mdemaine1220",
          "stringField7": "mdemaine1220",
          "stringField0": "+8801711234567",
          "stringField1": "Integer ac leo. Pellentesque ultrices mattis odio. Donec vitae nisi.\n\nNam ultrices, libero non mattis pulvinar, nulla pede ullamcorper augue, a suscipit nulla elit ac nulla. Sed vel enim sit amet nunc viverra dapibus. Nulla suscipit ligula in lacus.",
          "stringField2": "Choice 1",
          "stringField3": "Choice 3",
          "stringField4": "Choice 2",
          "stringField5": "12:32 AM",
          "numericField0": 1.79,
          "stringField6": "Robel, Connelly and Torphy",
          "booleanField0": true,
          "dateField0": "2021-03-09T00:00:00Z",
          "dateField1": "2020-08-21T00:00:00Z",
          "_version_": 1698983031825498000
        },
        {
          "id": "150933d9-48b8-43be-b294-9d38cf30e716",
          "Type": 1,
          "TypeId": "c7e72bdc-21e0-4ec5-b13a-4e6bde317307",
          "ClientId": 5106148800001076,
          "AppId": "1d6cc0c3-350d-4490-9d64-0afed3497164",
          "CreateDate": "2021-05-06T04:48:00.764Z",
          "CreatedById": "cb4f8558-1a3b-42d7-a070-c3776a842651",
          "CreatedBy": "Shah Abdul Mustakim",
          "Status": 2,
          "OriginClient": 3,
          "OriginClientVersion": "5.5.7.1",
          "DisplayName": "mdemaine1219",
          "stringField7": "mdemaine1219",
          "stringField0": "+8801711234567",
          "stringField1": "Cum sociis natoque penatibus et magnis dis parturient montes, nascetur ridiculus mus. Vivamus vestibulum sagittis sapien. Cum sociis natoque penatibus et magnis dis parturient montes, nascetur ridiculus mus.",
          "stringField2": "Choice 3",
          "booleanField1": true,
          "stringField3": "Choice 2",
          "stringField4": "Choice 2",
          "stringField5": "2:55 PM",
          "numericField0": 2.46,
          "stringField6": "Dibbert and Sons",
          "booleanField0": false,
          "dateField0": "2021-02-18T00:00:00Z",
          "dateField1": "2021-01-18T00:00:00Z",
          "_version_": 1698983031824449500
        },
        {
          "id": "05b9beaa-fe66-4207-81e9-447bbbf69ef0",
          "Type": 1,
          "TypeId": "c7e72bdc-21e0-4ec5-b13a-4e6bde317307",
          "ClientId": 5106148800001076,
          "AppId": "1d6cc0c3-350d-4490-9d64-0afed3497164",
          "CreateDate": "2021-05-06T04:48:00.764Z",
          "CreatedById": "cb4f8558-1a3b-42d7-a070-c3776a842651",
          "CreatedBy": "Shah Abdul Mustakim",
          "Status": 2,
          "OriginClient": 3,
          "OriginClientVersion": "5.5.7.1",
          "DisplayName": "mdemaine1218",
          "stringField7": "mdemaine1218",
          "stringField0": "+8801711234567",
          "stringField1": "Lorem ipsum dolor sit amet, consectetuer adipiscing elit. Proin risus. Praesent lectus.",
          "stringField2": "Choice 1",
          "booleanField1": true,
          "stringField3": "Choice 3",
          "stringField4": "Choice 2",
          "stringField5": "7:29 PM",
          "stringField6": "Ryan, Mohr and Hahn",
          "booleanField0": false,
          "dateField0": "2020-10-02T00:00:00Z",
          "dateField1": "2020-07-18T00:00:00Z",
          "_version_": 1698983031823401000
        },
        {
          "id": "76484b38-514e-469d-8f93-4600d6c2b409",
          "Type": 1,
          "TypeId": "c7e72bdc-21e0-4ec5-b13a-4e6bde317307",
          "ClientId": 5106148800001076,
          "AppId": "1d6cc0c3-350d-4490-9d64-0afed3497164",
          "CreateDate": "2021-05-06T04:48:00.763Z",
          "CreatedById": "cb4f8558-1a3b-42d7-a070-c3776a842651",
          "CreatedBy": "Shah Abdul Mustakim",
          "Status": 2,
          "OriginClient": 3,
          "OriginClientVersion": "5.5.7.1",
          "DisplayName": "mdemaine1217",
          "stringField7": "mdemaine1217",
          "stringField0": "+8801711234567",
          "stringField1": "Nullam sit amet turpis elementum ligula vehicula consequat. Morbi a ipsum. Integer a nibh.\n\nIn quis justo. Maecenas rhoncus aliquam lacus. Morbi quis tortor id nulla ultrices aliquet.\n\nMaecenas leo odio, condimentum id, luctus nec, molestie sed, justo. Pellentesque viverra pede ac diam. Cras pellentesque volutpat dui.",
          "stringField2": "Choice 1",
          "booleanField1": false,
          "stringField3": "Choice 3",
          "stringField4": "Choice 3",
          "stringField5": "10:31 AM",
          "numericField0": 3.17,
          "stringField6": "Sauer-Wyman",
          "booleanField0": false,
          "dateField0": "2020-08-18T00:00:00Z",
          "dateField1": "2020-12-09T00:00:00Z",
          "_version_": 1698983031822352400
        },
        {
          "id": "1cb2745d-e77f-467f-a8f9-d2416d1a08f1",
          "Type": 1,
          "TypeId": "c7e72bdc-21e0-4ec5-b13a-4e6bde317307",
          "ClientId": 5106148800001076,
          "AppId": "1d6cc0c3-350d-4490-9d64-0afed3497164",
          "CreateDate": "2021-05-06T04:48:00.763Z",
          "CreatedById": "cb4f8558-1a3b-42d7-a070-c3776a842651",
          "CreatedBy": "Shah Abdul Mustakim",
          "Status": 2,
          "OriginClient": 3,
          "OriginClientVersion": "5.5.7.1",
          "DisplayName": "mdemaine1216",
          "stringField7": "mdemaine1216",
          "stringField0": "+8801711234567",
          "stringField1": "Cras mi pede, malesuada in, imperdiet et, commodo vulputate, justo. In blandit ultrices enim. Lorem ipsum dolor sit amet, consectetuer adipiscing elit.\n\nProin interdum mauris non ligula pellentesque ultrices. Phasellus id sapien in sapien iaculis congue. Vivamus metus arcu, adipiscing molestie, hendrerit at, vulputate vitae, nisl.\n\nAenean lectus. Pellentesque eget nunc. Donec quis orci eget orci vehicula condimentum.",
          "stringField2": "Choice 2",
          "booleanField1": true,
          "stringField3": "Choice 2",
          "stringField4": "Choice 1",
          "stringField5": "2:19 AM",
          "numericField0": 1.17,
          "stringField6": "Cartwright Inc",
          "booleanField0": true,
          "dateField0": "2020-08-11T00:00:00Z",
          "dateField1": "2020-09-14T00:00:00Z",
          "_version_": 1698983031821303800
        },
        {
          "id": "bf25c0a8-d361-4190-baf5-0f833ada8809",
          "Type": 1,
          "TypeId": "c7e72bdc-21e0-4ec5-b13a-4e6bde317307",
          "ClientId": 5106148800001076,
          "AppId": "1d6cc0c3-350d-4490-9d64-0afed3497164",
          "CreateDate": "2021-05-06T04:48:00.762Z",
          "CreatedById": "cb4f8558-1a3b-42d7-a070-c3776a842651",
          "CreatedBy": "Shah Abdul Mustakim",
          "Status": 2,
          "OriginClient": 3,
          "OriginClientVersion": "5.5.7.1",
          "DisplayName": "mdemaine1215",
          "stringField7": "mdemaine1215",
          "stringField0": "+8801711234567",
          "stringField1": "Proin eu mi. Nulla ac enim. In tempor, turpis nec euismod scelerisque, quam turpis adipiscing lorem, vitae mattis nibh ligula nec sem.",
          "stringField2": "Choice 1",
          "booleanField1": false,
          "stringField3": "Choice 1",
          "stringField4": "Choice 3",
          "stringField5": "11:45 PM",
          "stringField6": "Fahey and Sons",
          "booleanField0": true,
          "dateField0": "2020-10-27T00:00:00Z",
          "dateField1": "2020-07-25T00:00:00Z",
          "_version_": 1698983031820255200
        },
        {
          "id": "7dac5d12-da29-4a7a-99b5-12fb1386b3a4",
          "Type": 1,
          "TypeId": "c7e72bdc-21e0-4ec5-b13a-4e6bde317307",
          "ClientId": 5106148800001076,
          "AppId": "1d6cc0c3-350d-4490-9d64-0afed3497164",
          "CreateDate": "2021-05-06T04:48:00.762Z",
          "CreatedById": "cb4f8558-1a3b-42d7-a070-c3776a842651",
          "CreatedBy": "Shah Abdul Mustakim",
          "Status": 2,
          "OriginClient": 3,
          "OriginClientVersion": "5.5.7.1",
          "DisplayName": "mdemaine1214",
          "stringField7": "mdemaine1214",
          "stringField0": "+8801711234567",
          "stringField1": "In hac habitasse platea dictumst. Etiam faucibus cursus urna. Ut tellus.\n\nNulla ut erat id mauris vulputate elementum. Nullam varius. Nulla facilisi.",
          "stringField2": "Choice 1",
          "booleanField1": false,
          "stringField3": "Choice 2",
          "stringField4": "Choice 2",
          "stringField5": "6:42 PM",
          "numericField0": 1.07,
          "stringField6": "Bashirian-Rolfson",
          "booleanField0": true,
          "dateField0": "2020-09-03T00:00:00Z",
          "dateField1": "2020-09-20T00:00:00Z",
          "_version_": 1698983031819206700
        },
        {
          "id": "63d8db68-aa8d-480a-9eef-bd27fda825f7",
          "Type": 1,
          "TypeId": "c7e72bdc-21e0-4ec5-b13a-4e6bde317307",
          "ClientId": 5106148800001076,
          "AppId": "1d6cc0c3-350d-4490-9d64-0afed3497164",
          "CreateDate": "2021-05-06T04:48:00.762Z",
          "CreatedById": "cb4f8558-1a3b-42d7-a070-c3776a842651",
          "CreatedBy": "Shah Abdul Mustakim",
          "Status": 2,
          "OriginClient": 3,
          "OriginClientVersion": "5.5.7.1",
          "DisplayName": "mdemaine1213",
          "stringField7": "mdemaine1213",
          "stringField0": "+8801711234567",
          "stringField1": "Phasellus sit amet erat. Nulla tempus. Vivamus in felis eu sapien cursus vestibulum.\n\nProin eu mi. Nulla ac enim. In tempor, turpis nec euismod scelerisque, quam turpis adipiscing lorem, vitae mattis nibh ligula nec sem.",
          "stringField2": "Choice 3",
          "booleanField1": true,
          "stringField3": "Choice 2",
          "stringField4": "Choice 2",
          "stringField5": "12:46 PM",
          "numericField0": 1.76,
          "stringField6": "Kovacek-Green",
          "booleanField0": false,
          "dateField0": "2020-06-10T00:00:00Z",
          "dateField1": "2020-10-16T00:00:00Z",
          "_version_": 1698983031818158000
        },
        {
          "id": "88ffdc0b-d7da-4cc6-8bcf-94402b6d3f48",
          "Type": 1,
          "TypeId": "c7e72bdc-21e0-4ec5-b13a-4e6bde317307",
          "ClientId": 5106148800001076,
          "AppId": "1d6cc0c3-350d-4490-9d64-0afed3497164",
          "CreateDate": "2021-05-06T04:48:00.761Z",
          "CreatedById": "cb4f8558-1a3b-42d7-a070-c3776a842651",
          "CreatedBy": "Shah Abdul Mustakim",
          "Status": 2,
          "OriginClient": 3,
          "OriginClientVersion": "5.5.7.1",
          "DisplayName": "mdemaine1212",
          "stringField7": "mdemaine1212",
          "stringField0": "+8801711234567",
          "stringField1": "Nam ultrices, libero non mattis pulvinar, nulla pede ullamcorper augue, a suscipit nulla elit ac nulla. Sed vel enim sit amet nunc viverra dapibus. Nulla suscipit ligula in lacus.\n\nCurabitur at ipsum ac tellus semper interdum. Mauris ullamcorper purus sit amet nulla. Quisque arcu libero, rutrum ac, lobortis vel, dapibus at, diam.",
          "stringField2": "Choice 3",
          "booleanField1": false,
          "stringField3": "Choice 1",
          "stringField4": "Choice 3",
          "stringField5": "4:08 PM",
          "numericField0": 2.39,
          "stringField6": "Franecki, Gaylord and Medhurst",
          "booleanField0": false,
          "dateField0": "2021-02-22T00:00:00Z",
          "dateField1": "2021-03-28T00:00:00Z",
          "_version_": 1698983031816061000
        },
        {
          "id": "0cd75498-7341-44e8-aeb9-6e83f2424e69",
          "Type": 1,
          "TypeId": "c7e72bdc-21e0-4ec5-b13a-4e6bde317307",
          "ClientId": 5106148800001076,
          "AppId": "1d6cc0c3-350d-4490-9d64-0afed3497164",
          "CreateDate": "2021-05-06T04:48:00.761Z",
          "CreatedById": "cb4f8558-1a3b-42d7-a070-c3776a842651",
          "CreatedBy": "Shah Abdul Mustakim",
          "Status": 2,
          "OriginClient": 3,
          "OriginClientVersion": "5.5.7.1",
          "DisplayName": "mdemaine1211",
          "stringField7": "mdemaine1211",
          "stringField0": "+8801711234567",
          "stringField1": "Aenean fermentum. Donec ut mauris eget massa tempor convallis. Nulla neque libero, convallis eget, eleifend luctus, ultricies eu, nibh.",
          "stringField2": "Choice 2",
          "booleanField1": false,
          "stringField3": "Choice 2",
          "stringField4": "Choice 1",
          "stringField5": "2:47 PM",
          "numericField0": 2,
          "stringField6": "Steuber LLC",
          "booleanField0": true,
          "dateField0": "2020-08-12T00:00:00Z",
          "dateField1": "2021-03-26T00:00:00Z",
          "_version_": 1698983031815012400
        },
        {
          "id": "876c71cb-2afc-4cc8-b09a-735cfeb6813c",
          "Type": 1,
          "TypeId": "c7e72bdc-21e0-4ec5-b13a-4e6bde317307",
          "ClientId": 5106148800001076,
          "AppId": "1d6cc0c3-350d-4490-9d64-0afed3497164",
          "CreateDate": "2021-05-06T04:48:00.761Z",
          "CreatedById": "cb4f8558-1a3b-42d7-a070-c3776a842651",
          "CreatedBy": "Shah Abdul Mustakim",
          "Status": 2,
          "OriginClient": 3,
          "OriginClientVersion": "5.5.7.1",
          "DisplayName": "mdemaine1210",
          "stringField7": "mdemaine1210",
          "stringField0": "+8801711234567",
          "stringField1": "Nullam sit amet turpis elementum ligula vehicula consequat. Morbi a ipsum. Integer a nibh.",
          "booleanField1": false,
          "stringField3": "Choice 3",
          "stringField4": "Choice 1",
          "stringField5": "9:12 PM",
          "numericField0": 2.52,
          "stringField6": "Rogahn Group",
          "booleanField0": true,
          "dateField1": "2020-09-23T00:00:00Z",
          "_version_": 1698983031813963800
        },
        {
          "id": "1d0d3082-c692-48d7-8f7d-dfdc338e72b3",
          "Type": 1,
          "TypeId": "c7e72bdc-21e0-4ec5-b13a-4e6bde317307",
          "ClientId": 5106148800001076,
          "AppId": "1d6cc0c3-350d-4490-9d64-0afed3497164",
          "CreateDate": "2021-05-06T04:48:00.76Z",
          "CreatedById": "cb4f8558-1a3b-42d7-a070-c3776a842651",
          "CreatedBy": "Shah Abdul Mustakim",
          "Status": 2,
          "OriginClient": 3,
          "OriginClientVersion": "5.5.7.1",
          "DisplayName": "mdemaine1209",
          "stringField7": "mdemaine1209",
          "stringField0": "+8801711234567",
          "stringField1": "Praesent blandit. Nam nulla. Integer pede justo, lacinia eget, tincidunt eget, tempus vel, pede.\n\nMorbi porttitor lorem id ligula. Suspendisse ornare consequat lectus. In est risus, auctor sed, tristique in, tempus sit amet, sem.\n\nFusce consequat. Nulla nisl. Nunc nisl.",
          "stringField2": "Choice 3",
          "booleanField1": true,
          "stringField3": "Choice 1",
          "stringField4": "Choice 1",
          "stringField5": "2:34 PM",
          "stringField6": "Pollich, Schroeder and Mohr",
          "booleanField0": true,
          "dateField0": "2020-07-30T00:00:00Z",
          "dateField1": "2021-01-08T00:00:00Z",
          "_version_": 1698983031812915200
        },
        {
          "id": "9a9ca503-bac3-40cb-90a4-0badff9b4a49",
          "Type": 1,
          "TypeId": "c7e72bdc-21e0-4ec5-b13a-4e6bde317307",
          "ClientId": 5106148800001076,
          "AppId": "1d6cc0c3-350d-4490-9d64-0afed3497164",
          "CreateDate": "2021-05-06T04:48:00.76Z",
          "CreatedById": "cb4f8558-1a3b-42d7-a070-c3776a842651",
          "CreatedBy": "Shah Abdul Mustakim",
          "Status": 2,
          "OriginClient": 3,
          "OriginClientVersion": "5.5.7.1",
          "DisplayName": "mdemaine1208",
          "stringField7": "mdemaine1208",
          "stringField0": "+8801711234567",
          "stringField1": "Quisque id justo sit amet sapien dignissim vestibulum. Vestibulum ante ipsum primis in faucibus orci luctus et ultrices posuere cubilia Curae; Nulla dapibus dolor vel est. Donec odio justo, sollicitudin ut, suscipit a, feugiat et, eros.",
          "stringField2": "Choice 2",
          "booleanField1": false,
          "stringField3": "Choice 1",
          "stringField4": "Choice 2",
          "stringField5": "3:05 PM",
          "numericField0": 2.04,
          "stringField6": "Welch LLC",
          "booleanField0": false,
          "dateField0": "2021-02-15T00:00:00Z",
          "dateField1": "2021-02-16T00:00:00Z",
          "_version_": 1698983031812915200
        },
        {
          "id": "5396f09b-c77a-49c9-957f-3fcfc0873367",
          "Type": 1,
          "TypeId": "c7e72bdc-21e0-4ec5-b13a-4e6bde317307",
          "ClientId": 5106148800001076,
          "AppId": "1d6cc0c3-350d-4490-9d64-0afed3497164",
          "CreateDate": "2021-05-06T04:48:00.76Z",
          "CreatedById": "cb4f8558-1a3b-42d7-a070-c3776a842651",
          "CreatedBy": "Shah Abdul Mustakim",
          "Status": 2,
          "OriginClient": 3,
          "OriginClientVersion": "5.5.7.1",
          "DisplayName": "mdemaine1207",
          "stringField7": "mdemaine1207",
          "stringField0": "+8801711234567",
          "stringField1": "Praesent id massa id nisl venenatis lacinia. Aenean sit amet justo. Morbi ut odio.\n\nCras mi pede, malesuada in, imperdiet et, commodo vulputate, justo. In blandit ultrices enim. Lorem ipsum dolor sit amet, consectetuer adipiscing elit.",
          "stringField2": "Choice 3",
          "booleanField1": false,
          "stringField3": "Choice 1",
          "stringField4": "Choice 2",
          "stringField5": "1:04 PM",
          "numericField0": 3.93,
          "stringField6": "Wilderman Group",
          "booleanField0": false,
          "dateField0": "2020-09-01T00:00:00Z",
          "dateField1": "2020-11-13T00:00:00Z",
          "_version_": 1698983031811866600
        },
        {
          "id": "0fcd640b-1493-42f7-8c1f-0b7368d29ca8",
          "Type": 1,
          "TypeId": "c7e72bdc-21e0-4ec5-b13a-4e6bde317307",
          "ClientId": 5106148800001076,
          "AppId": "1d6cc0c3-350d-4490-9d64-0afed3497164",
          "CreateDate": "2021-05-06T04:48:00.759Z",
          "CreatedById": "cb4f8558-1a3b-42d7-a070-c3776a842651",
          "CreatedBy": "Shah Abdul Mustakim",
          "Status": 2,
          "OriginClient": 3,
          "OriginClientVersion": "5.5.7.1",
          "DisplayName": "mdemaine1206",
          "stringField7": "mdemaine1206",
          "stringField0": "+8801711234567",
          "stringField1": "Etiam vel augue. Vestibulum rutrum rutrum neque. Aenean auctor gravida sem.\n\nPraesent id massa id nisl venenatis lacinia. Aenean sit amet justo. Morbi ut odio.\n\nCras mi pede, malesuada in, imperdiet et, commodo vulputate, justo. In blandit ultrices enim. Lorem ipsum dolor sit amet, consectetuer adipiscing elit.",
          "stringField2": "Choice 2",
          "stringField3": "Choice 2",
          "stringField4": "Choice 1",
          "stringField5": "10:08 PM",
          "numericField0": 1.89,
          "stringField6": "MacGyver Inc",
          "booleanField0": true,
          "dateField0": "2020-10-01T00:00:00Z",
          "dateField1": "2020-10-04T00:00:00Z",
          "_version_": 1698983031810818000
        },
        {
          "id": "7217d033-8cdc-4946-a1bf-695749c5881f",
          "Type": 1,
          "TypeId": "c7e72bdc-21e0-4ec5-b13a-4e6bde317307",
          "ClientId": 5106148800001076,
          "AppId": "1d6cc0c3-350d-4490-9d64-0afed3497164",
          "CreateDate": "2021-05-06T04:48:00.759Z",
          "CreatedById": "cb4f8558-1a3b-42d7-a070-c3776a842651",
          "CreatedBy": "Shah Abdul Mustakim",
          "Status": 2,
          "OriginClient": 3,
          "OriginClientVersion": "5.5.7.1",
          "DisplayName": "mdemaine1205",
          "stringField7": "mdemaine1205",
          "stringField0": "+8801711234567",
          "stringField1": "Fusce consequat. Nulla nisl. Nunc nisl.",
          "stringField2": "Choice 2",
          "stringField3": "Choice 2",
          "stringField4": "Choice 1",
          "stringField5": "7:45 PM",
          "numericField0": 2.41,
          "stringField6": "Hills, Runte and Raynor",
          "booleanField0": true,
          "dateField0": "2021-04-04T00:00:00Z",
          "dateField1": "2021-02-11T00:00:00Z",
          "_version_": 1698983031808721000
        },
        {
          "id": "a00da93a-8ef2-4f66-9415-9913c8f5c29a",
          "Type": 1,
          "TypeId": "c7e72bdc-21e0-4ec5-b13a-4e6bde317307",
          "ClientId": 5106148800001076,
          "AppId": "1d6cc0c3-350d-4490-9d64-0afed3497164",
          "CreateDate": "2021-05-06T04:48:00.758Z",
          "CreatedById": "cb4f8558-1a3b-42d7-a070-c3776a842651",
          "CreatedBy": "Shah Abdul Mustakim",
          "Status": 2,
          "OriginClient": 3,
          "OriginClientVersion": "5.5.7.1",
          "DisplayName": "mdemaine1204",
          "stringField7": "mdemaine1204",
          "stringField0": "+8801711234567",
          "stringField1": "Proin leo odio, porttitor id, consequat in, consequat ut, nulla. Sed accumsan felis. Ut at dolor quis odio consequat varius.\n\nInteger ac leo. Pellentesque ultrices mattis odio. Donec vitae nisi.",
          "stringField2": "Choice 3",
          "booleanField1": false,
          "stringField3": "Choice 1",
          "stringField4": "Choice 1",
          "stringField5": "5:44 PM",
          "numericField0": 4.94,
          "stringField6": "Kuvalis, Dicki and Corwin",
          "booleanField0": true,
          "dateField0": "2020-10-09T00:00:00Z",
          "dateField1": "2020-06-09T00:00:00Z",
          "_version_": 1698983031807672300
        },
        {
          "id": "7bd5f559-8155-4f51-aa29-a57b24039d4a",
          "Type": 1,
          "TypeId": "c7e72bdc-21e0-4ec5-b13a-4e6bde317307",
          "ClientId": 5106148800001076,
          "AppId": "1d6cc0c3-350d-4490-9d64-0afed3497164",
          "CreateDate": "2021-05-06T04:48:00.758Z",
          "CreatedById": "cb4f8558-1a3b-42d7-a070-c3776a842651",
          "CreatedBy": "Shah Abdul Mustakim",
          "Status": 2,
          "OriginClient": 3,
          "OriginClientVersion": "5.5.7.1",
          "DisplayName": "mdemaine1203",
          "stringField7": "mdemaine1203",
          "stringField0": "+8801711234567",
          "stringField1": "In sagittis dui vel nisl. Duis ac nibh. Fusce lacus purus, aliquet at, feugiat non, pretium quis, lectus.\n\nSuspendisse potenti. In eleifend quam a odio. In hac habitasse platea dictumst.\n\nMaecenas ut massa quis augue luctus tincidunt. Nulla mollis molestie lorem. Quisque ut erat.",
          "stringField2": "Choice 3",
          "booleanField1": true,
          "stringField3": "Choice 1",
          "stringField4": "Choice 1",
          "stringField5": "4:18 PM",
          "numericField0": 1.81,
          "stringField6": "Aufderhar Inc",
          "booleanField0": false,
          "dateField0": "2020-09-08T00:00:00Z",
          "dateField1": "2020-12-31T00:00:00Z",
          "_version_": 1698983031806623700
        },
        {
          "id": "f8e65e54-9486-4895-bf99-c40b8f777f00",
          "Type": 1,
          "TypeId": "c7e72bdc-21e0-4ec5-b13a-4e6bde317307",
          "ClientId": 5106148800001076,
          "AppId": "1d6cc0c3-350d-4490-9d64-0afed3497164",
          "CreateDate": "2021-05-06T04:48:00.758Z",
          "CreatedById": "cb4f8558-1a3b-42d7-a070-c3776a842651",
          "CreatedBy": "Shah Abdul Mustakim",
          "Status": 2,
          "OriginClient": 3,
          "OriginClientVersion": "5.5.7.1",
          "DisplayName": "mdemaine1202",
          "stringField7": "mdemaine1202",
          "stringField0": "+8801711234567",
          "stringField1": "Nullam porttitor lacus at turpis. Donec posuere metus vitae ipsum. Aliquam non mauris.\n\nMorbi non lectus. Aliquam sit amet diam in magna bibendum imperdiet. Nullam orci pede, venenatis non, sodales sed, tincidunt eu, felis.",
          "stringField2": "Choice 2",
          "booleanField1": true,
          "stringField3": "Choice 1",
          "stringField4": "Choice 1",
          "stringField5": "8:45 AM",
          "numericField0": 4.34,
          "stringField6": "Johnston-Wiza",
          "booleanField0": true,
          "dateField0": "2021-02-07T00:00:00Z",
          "dateField1": "2020-11-03T00:00:00Z",
          "_version_": 1698983031805575200
        },
        {
          "id": "b94c5190-187d-495c-8e38-340e59aad538",
          "Type": 1,
          "TypeId": "c7e72bdc-21e0-4ec5-b13a-4e6bde317307",
          "ClientId": 5106148800001076,
          "AppId": "1d6cc0c3-350d-4490-9d64-0afed3497164",
          "CreateDate": "2021-05-06T04:48:00.757Z",
          "CreatedById": "cb4f8558-1a3b-42d7-a070-c3776a842651",
          "CreatedBy": "Shah Abdul Mustakim",
          "Status": 2,
          "OriginClient": 3,
          "OriginClientVersion": "5.5.7.1",
          "DisplayName": "mdemaine1201",
          "stringField7": "mdemaine1201",
          "stringField0": "+8801711234567",
          "stringField1": "Sed sagittis. Nam congue, risus semper porta volutpat, quam pede lobortis ligula, sit amet eleifend pede libero quis orci. Nullam molestie nibh in lectus.\n\nPellentesque at nulla. Suspendisse potenti. Cras in purus eu magna vulputate luctus.\n\nCum sociis natoque penatibus et magnis dis parturient montes, nascetur ridiculus mus. Vivamus vestibulum sagittis sapien. Cum sociis natoque penatibus et magnis dis parturient montes, nascetur ridiculus mus.",
          "stringField2": "Choice 1",
          "booleanField1": true,
          "stringField3": "Choice 2",
          "stringField4": "Choice 1",
          "stringField5": "8:11 PM",
          "numericField0": 4.59,
          "stringField6": "Fritsch-Turcotte",
          "booleanField0": true,
          "dateField0": "2020-05-14T00:00:00Z",
          "dateField1": "2020-05-16T00:00:00Z",
          "_version_": 1698983031804526600
        },
        {
          "id": "a097fea0-a9c2-47f7-a131-c152d65af8c5",
          "Type": 1,
          "TypeId": "c7e72bdc-21e0-4ec5-b13a-4e6bde317307",
          "ClientId": 5106148800001076,
          "AppId": "1d6cc0c3-350d-4490-9d64-0afed3497164",
          "CreateDate": "2021-05-06T04:48:00.757Z",
          "CreatedById": "cb4f8558-1a3b-42d7-a070-c3776a842651",
          "CreatedBy": "Shah Abdul Mustakim",
          "Status": 2,
          "OriginClient": 3,
          "OriginClientVersion": "5.5.7.1",
          "DisplayName": "mdemaine1200",
          "stringField7": "mdemaine1200",
          "stringField0": "+8801711234567",
          "stringField1": "Praesent id massa id nisl venenatis lacinia. Aenean sit amet justo. Morbi ut odio.\n\nCras mi pede, malesuada in, imperdiet et, commodo vulputate, justo. In blandit ultrices enim. Lorem ipsum dolor sit amet, consectetuer adipiscing elit.",
          "stringField2": "Choice 2",
          "booleanField1": true,
          "stringField3": "Choice 2",
          "stringField4": "Choice 3",
          "stringField5": "8:07 AM",
          "numericField0": 4.91,
          "stringField6": "Schowalter, Prosacco and Funk",
          "booleanField0": false,
          "dateField0": "2021-04-15T00:00:00Z",
          "dateField1": "2020-09-06T00:00:00Z",
          "_version_": 1698983031803478000
        },
        {
          "id": "d1d4d512-ea41-40f6-97dd-9903ec512400",
          "Type": 1,
          "TypeId": "c7e72bdc-21e0-4ec5-b13a-4e6bde317307",
          "ClientId": 5106148800001076,
          "AppId": "1d6cc0c3-350d-4490-9d64-0afed3497164",
          "CreateDate": "2021-05-06T04:48:00.757Z",
          "CreatedById": "cb4f8558-1a3b-42d7-a070-c3776a842651",
          "CreatedBy": "Shah Abdul Mustakim",
          "Status": 2,
          "OriginClient": 3,
          "OriginClientVersion": "5.5.7.1",
          "DisplayName": "mdemaine1199",
          "stringField7": "mdemaine1199",
          "stringField0": "+8801711234567",
          "stringField1": "Proin interdum mauris non ligula pellentesque ultrices. Phasellus id sapien in sapien iaculis congue. Vivamus metus arcu, adipiscing molestie, hendrerit at, vulputate vitae, nisl.\n\nAenean lectus. Pellentesque eget nunc. Donec quis orci eget orci vehicula condimentum.\n\nCurabitur in libero ut massa volutpat convallis. Morbi odio odio, elementum eu, interdum eu, tincidunt in, leo. Maecenas pulvinar lobortis est.",
          "stringField2": "Choice 1",
          "stringField3": "Choice 1",
          "stringField4": "Choice 3",
          "stringField5": "10:43 PM",
          "stringField6": "Gottlieb-Mosciski",
          "booleanField0": true,
          "dateField0": "2020-09-04T00:00:00Z",
          "dateField1": "2020-12-28T00:00:00Z",
          "_version_": 1698983031802429400
        },
        {
          "id": "8c6c0d7d-8974-4e41-9ba9-fd8decc93d1f",
          "Type": 1,
          "TypeId": "c7e72bdc-21e0-4ec5-b13a-4e6bde317307",
          "ClientId": 5106148800001076,
          "AppId": "1d6cc0c3-350d-4490-9d64-0afed3497164",
          "CreateDate": "2021-05-06T04:48:00.756Z",
          "CreatedById": "cb4f8558-1a3b-42d7-a070-c3776a842651",
          "CreatedBy": "Shah Abdul Mustakim",
          "Status": 2,
          "OriginClient": 3,
          "OriginClientVersion": "5.5.7.1",
          "DisplayName": "mdemaine1198",
          "stringField7": "mdemaine1198",
          "stringField0": "+8801711234567",
          "stringField1": "Fusce consequat. Nulla nisl. Nunc nisl.\n\nDuis bibendum, felis sed interdum venenatis, turpis enim blandit mi, in porttitor pede justo eu massa. Donec dapibus. Duis at velit eu est congue elementum.\n\nIn hac habitasse platea dictumst. Morbi vestibulum, velit id pretium iaculis, diam erat fermentum justo, nec condimentum neque sapien placerat ante. Nulla justo.",
          "stringField2": "Choice 1",
          "stringField3": "Choice 3",
          "stringField4": "Choice 2",
          "stringField5": "8:23 PM",
          "numericField0": 3.72,
          "stringField6": "Rogahn-Greenholt",
          "booleanField0": false,
          "dateField0": "2020-09-27T00:00:00Z",
          "dateField1": "2021-01-05T00:00:00Z",
          "_version_": 1698983031801380900
        },
        {
          "id": "ea1721f6-d4fd-4a7a-bdf2-e3b597557c68",
          "Type": 1,
          "TypeId": "c7e72bdc-21e0-4ec5-b13a-4e6bde317307",
          "ClientId": 5106148800001076,
          "AppId": "1d6cc0c3-350d-4490-9d64-0afed3497164",
          "CreateDate": "2021-05-06T04:48:00.756Z",
          "CreatedById": "cb4f8558-1a3b-42d7-a070-c3776a842651",
          "CreatedBy": "Shah Abdul Mustakim",
          "Status": 2,
          "OriginClient": 3,
          "OriginClientVersion": "5.5.7.1",
          "DisplayName": "mdemaine1197",
          "stringField7": "mdemaine1197",
          "stringField0": "+8801711234567",
          "stringField1": "Morbi non lectus. Aliquam sit amet diam in magna bibendum imperdiet. Nullam orci pede, venenatis non, sodales sed, tincidunt eu, felis.\n\nFusce posuere felis sed lacus. Morbi sem mauris, laoreet ut, rhoncus aliquet, pulvinar sed, nisl. Nunc rhoncus dui vel sem.",
          "stringField2": "Choice 3",
          "booleanField1": true,
          "stringField3": "Choice 2",
          "stringField4": "Choice 2",
          "stringField5": "9:08 PM",
          "numericField0": 1.66,
          "stringField6": "Fisher Group",
          "booleanField0": true,
          "dateField0": "2020-06-07T00:00:00Z",
          "dateField1": "2020-10-09T00:00:00Z",
          "_version_": 1698983031800332300
        },
        {
          "id": "0a024685-4a0b-476d-aac5-68ef3f9a546d",
          "Type": 1,
          "TypeId": "c7e72bdc-21e0-4ec5-b13a-4e6bde317307",
          "ClientId": 5106148800001076,
          "AppId": "1d6cc0c3-350d-4490-9d64-0afed3497164",
          "CreateDate": "2021-05-06T04:48:00.756Z",
          "CreatedById": "cb4f8558-1a3b-42d7-a070-c3776a842651",
          "CreatedBy": "Shah Abdul Mustakim",
          "Status": 2,
          "OriginClient": 3,
          "OriginClientVersion": "5.5.7.1",
          "DisplayName": "mdemaine1196",
          "stringField7": "mdemaine1196",
          "stringField0": "+8801711234567",
          "stringField1": "Integer tincidunt ante vel ipsum. Praesent blandit lacinia erat. Vestibulum sed magna at nunc commodo placerat.",
          "stringField2": "Choice 3",
          "booleanField1": false,
          "stringField3": "Choice 1",
          "stringField4": "Choice 2",
          "stringField5": "4:44 AM",
          "numericField0": 3.91,
          "stringField6": "Stokes and Sons",
          "booleanField0": false,
          "dateField0": "2020-07-09T00:00:00Z",
          "dateField1": "2021-02-07T00:00:00Z",
          "_version_": 1698983031799283700
        },
        {
          "id": "5751f3ec-2de7-4288-a848-840e5e4ee3ea",
          "Type": 1,
          "TypeId": "c7e72bdc-21e0-4ec5-b13a-4e6bde317307",
          "ClientId": 5106148800001076,
          "AppId": "1d6cc0c3-350d-4490-9d64-0afed3497164",
          "CreateDate": "2021-05-06T04:48:00.755Z",
          "CreatedById": "cb4f8558-1a3b-42d7-a070-c3776a842651",
          "CreatedBy": "Shah Abdul Mustakim",
          "Status": 2,
          "OriginClient": 3,
          "OriginClientVersion": "5.5.7.1",
          "DisplayName": "mdemaine1195",
          "stringField7": "mdemaine1195",
          "stringField0": "+8801711234567",
          "stringField1": "Mauris enim leo, rhoncus sed, vestibulum sit amet, cursus id, turpis. Integer aliquet, massa id lobortis convallis, tortor risus dapibus augue, vel accumsan tellus nisi eu orci. Mauris lacinia sapien quis libero.\n\nNullam sit amet turpis elementum ligula vehicula consequat. Morbi a ipsum. Integer a nibh.",
          "stringField2": "Choice 2",
          "booleanField1": true,
          "stringField3": "Choice 3",
          "stringField4": "Choice 2",
          "stringField5": "7:51 PM",
          "stringField6": "Stark, Okuneva and King",
          "booleanField0": false,
          "dateField0": "2021-02-20T00:00:00Z",
          "dateField1": "2021-02-21T00:00:00Z",
          "_version_": 1698983031798235100
        },
        {
          "id": "e9865010-d60c-41dc-9677-874636857295",
          "Type": 1,
          "TypeId": "c7e72bdc-21e0-4ec5-b13a-4e6bde317307",
          "ClientId": 5106148800001076,
          "AppId": "1d6cc0c3-350d-4490-9d64-0afed3497164",
          "CreateDate": "2021-05-06T04:48:00.755Z",
          "CreatedById": "cb4f8558-1a3b-42d7-a070-c3776a842651",
          "CreatedBy": "Shah Abdul Mustakim",
          "Status": 2,
          "OriginClient": 3,
          "OriginClientVersion": "5.5.7.1",
          "DisplayName": "mdemaine1194",
          "stringField7": "mdemaine1194",
          "stringField0": "+8801711234567",
          "stringField1": "Pellentesque at nulla. Suspendisse potenti. Cras in purus eu magna vulputate luctus.",
          "stringField2": "Choice 2",
          "booleanField1": true,
          "stringField3": "Choice 2",
          "stringField4": "Choice 3",
          "stringField5": "7:44 AM",
          "stringField6": "Witting-Larkin",
          "booleanField0": true,
          "dateField0": "2020-12-13T00:00:00Z",
          "dateField1": "2020-06-30T00:00:00Z",
          "_version_": 1698983031797186600
        },
        {
          "id": "ff344c09-7a21-4bf0-ba5d-384c63dc5cd7",
          "Type": 1,
          "TypeId": "c7e72bdc-21e0-4ec5-b13a-4e6bde317307",
          "ClientId": 5106148800001076,
          "AppId": "1d6cc0c3-350d-4490-9d64-0afed3497164",
          "CreateDate": "2021-05-06T04:48:00.755Z",
          "CreatedById": "cb4f8558-1a3b-42d7-a070-c3776a842651",
          "CreatedBy": "Shah Abdul Mustakim",
          "Status": 2,
          "OriginClient": 3,
          "OriginClientVersion": "5.5.7.1",
          "DisplayName": "mdemaine1193",
          "stringField7": "mdemaine1193",
          "stringField0": "+8801711234567",
          "stringField1": "Etiam vel augue. Vestibulum rutrum rutrum neque. Aenean auctor gravida sem.\n\nPraesent id massa id nisl venenatis lacinia. Aenean sit amet justo. Morbi ut odio.\n\nCras mi pede, malesuada in, imperdiet et, commodo vulputate, justo. In blandit ultrices enim. Lorem ipsum dolor sit amet, consectetuer adipiscing elit.",
          "stringField2": "Choice 3",
          "booleanField1": true,
          "stringField3": "Choice 1",
          "stringField4": "Choice 3",
          "stringField5": "1:47 PM",
          "stringField6": "Huels-Haley",
          "booleanField0": true,
          "dateField0": "2021-01-10T00:00:00Z",
          "dateField1": "2021-03-01T00:00:00Z",
          "_version_": 1698983031796138000
        },
        {
          "id": "56ec6441-ddd9-4bab-b248-95cd0f2f6c44",
          "Type": 1,
          "TypeId": "c7e72bdc-21e0-4ec5-b13a-4e6bde317307",
          "ClientId": 5106148800001076,
          "AppId": "1d6cc0c3-350d-4490-9d64-0afed3497164",
          "CreateDate": "2021-05-06T04:48:00.754Z",
          "CreatedById": "cb4f8558-1a3b-42d7-a070-c3776a842651",
          "CreatedBy": "Shah Abdul Mustakim",
          "Status": 2,
          "OriginClient": 3,
          "OriginClientVersion": "5.5.7.1",
          "DisplayName": "mdemaine1192",
          "stringField7": "mdemaine1192",
          "stringField0": "+8801711234567",
          "stringField1": "Donec diam neque, vestibulum eget, vulputate ut, ultrices vel, augue. Vestibulum ante ipsum primis in faucibus orci luctus et ultrices posuere cubilia Curae; Donec pharetra, magna vestibulum aliquet ultrices, erat tortor sollicitudin mi, sit amet lobortis sapien sapien non mi. Integer ac neque.\n\nDuis bibendum. Morbi non quam nec dui luctus rutrum. Nulla tellus.\n\nIn sagittis dui vel nisl. Duis ac nibh. Fusce lacus purus, aliquet at, feugiat non, pretium quis, lectus.",
          "stringField2": "Choice 1",
          "booleanField1": false,
          "stringField3": "Choice 2",
          "stringField4": "Choice 3",
          "stringField5": "4:42 PM",
          "stringField6": "Lehner-Kuhic",
          "booleanField0": false,
          "dateField0": "2020-09-23T00:00:00Z",
          "dateField1": "2020-09-25T00:00:00Z",
          "_version_": 1698983031795089400
        },
        {
          "id": "d0f17809-ccf9-4781-afe9-a8fac8c28bce",
          "Type": 1,
          "TypeId": "c7e72bdc-21e0-4ec5-b13a-4e6bde317307",
          "ClientId": 5106148800001076,
          "AppId": "1d6cc0c3-350d-4490-9d64-0afed3497164",
          "CreateDate": "2021-05-06T04:48:00.754Z",
          "CreatedById": "cb4f8558-1a3b-42d7-a070-c3776a842651",
          "CreatedBy": "Shah Abdul Mustakim",
          "Status": 2,
          "OriginClient": 3,
          "OriginClientVersion": "5.5.7.1",
          "DisplayName": "mdemaine1191",
          "stringField7": "mdemaine1191",
          "stringField0": "+8801711234567",
          "stringField1": "Morbi porttitor lorem id ligula. Suspendisse ornare consequat lectus. In est risus, auctor sed, tristique in, tempus sit amet, sem.",
          "stringField2": "Choice 3",
          "booleanField1": false,
          "stringField3": "Choice 3",
          "stringField4": "Choice 2",
          "stringField5": "9:19 PM",
          "numericField0": 4.19,
          "stringField6": "Hahn-Hagenes",
          "booleanField0": true,
          "dateField0": "2021-03-03T00:00:00Z",
          "dateField1": "2020-05-24T00:00:00Z",
          "_version_": 1698983031794040800
        },
        {
          "id": "38da696b-dd8b-4c4a-b62b-4518a536c005",
          "Type": 1,
          "TypeId": "c7e72bdc-21e0-4ec5-b13a-4e6bde317307",
          "ClientId": 5106148800001076,
          "AppId": "1d6cc0c3-350d-4490-9d64-0afed3497164",
          "CreateDate": "2021-05-06T04:48:00.754Z",
          "CreatedById": "cb4f8558-1a3b-42d7-a070-c3776a842651",
          "CreatedBy": "Shah Abdul Mustakim",
          "Status": 2,
          "OriginClient": 3,
          "OriginClientVersion": "5.5.7.1",
          "DisplayName": "mdemaine1190",
          "stringField7": "mdemaine1190",
          "stringField0": "+8801711234567",
          "stringField1": "Integer tincidunt ante vel ipsum. Praesent blandit lacinia erat. Vestibulum sed magna at nunc commodo placerat.\n\nPraesent blandit. Nam nulla. Integer pede justo, lacinia eget, tincidunt eget, tempus vel, pede.\n\nMorbi porttitor lorem id ligula. Suspendisse ornare consequat lectus. In est risus, auctor sed, tristique in, tempus sit amet, sem.",
          "stringField2": "Choice 3",
          "booleanField1": true,
          "stringField3": "Choice 1",
          "stringField4": "Choice 1",
          "stringField5": "5:22 AM",
          "numericField0": 1.68,
          "stringField6": "Schamberger and Sons",
          "booleanField0": true,
          "dateField0": "2020-05-20T00:00:00Z",
          "dateField1": "2020-06-27T00:00:00Z",
          "_version_": 1698983031792992300
        },
        {
          "id": "a21b021c-a4d3-4619-b616-ffd3fe3e1ca3",
          "Type": 1,
          "TypeId": "c7e72bdc-21e0-4ec5-b13a-4e6bde317307",
          "ClientId": 5106148800001076,
          "AppId": "1d6cc0c3-350d-4490-9d64-0afed3497164",
          "CreateDate": "2021-05-06T04:48:00.753Z",
          "CreatedById": "cb4f8558-1a3b-42d7-a070-c3776a842651",
          "CreatedBy": "Shah Abdul Mustakim",
          "Status": 2,
          "OriginClient": 3,
          "OriginClientVersion": "5.5.7.1",
          "DisplayName": "mdemaine1189",
          "stringField7": "mdemaine1189",
          "stringField0": "+8801711234567",
          "stringField1": "Mauris enim leo, rhoncus sed, vestibulum sit amet, cursus id, turpis. Integer aliquet, massa id lobortis convallis, tortor risus dapibus augue, vel accumsan tellus nisi eu orci. Mauris lacinia sapien quis libero.",
          "stringField2": "Choice 3",
          "booleanField1": false,
          "stringField3": "Choice 1",
          "stringField4": "Choice 2",
          "stringField5": "12:56 AM",
          "stringField6": "Reilly Group",
          "booleanField0": false,
          "dateField0": "2020-11-28T00:00:00Z",
          "dateField1": "2020-11-19T00:00:00Z",
          "_version_": 1698983031791943700
        },
        {
          "id": "19a31d51-36d4-48ff-95f5-a9803aff70b5",
          "Type": 1,
          "TypeId": "c7e72bdc-21e0-4ec5-b13a-4e6bde317307",
          "ClientId": 5106148800001076,
          "AppId": "1d6cc0c3-350d-4490-9d64-0afed3497164",
          "CreateDate": "2021-05-06T04:48:00.753Z",
          "CreatedById": "cb4f8558-1a3b-42d7-a070-c3776a842651",
          "CreatedBy": "Shah Abdul Mustakim",
          "Status": 2,
          "OriginClient": 3,
          "OriginClientVersion": "5.5.7.1",
          "DisplayName": "mdemaine1188",
          "stringField7": "mdemaine1188",
          "stringField0": "+8801711234567",
          "stringField1": "Praesent blandit. Nam nulla. Integer pede justo, lacinia eget, tincidunt eget, tempus vel, pede.\n\nMorbi porttitor lorem id ligula. Suspendisse ornare consequat lectus. In est risus, auctor sed, tristique in, tempus sit amet, sem.\n\nFusce consequat. Nulla nisl. Nunc nisl.",
          "stringField2": "Choice 2",
          "booleanField1": true,
          "stringField3": "Choice 1",
          "stringField4": "Choice 2",
          "stringField5": "3:28 AM",
          "numericField0": 3.71,
          "stringField6": "Terry, Durgan and Kihn",
          "booleanField0": true,
          "dateField0": "2020-09-13T00:00:00Z",
          "dateField1": "2020-11-09T00:00:00Z",
          "_version_": 1698983031790895000
        },
        {
          "id": "1bf7c5bb-78fb-40e0-b519-5aa605504070",
          "Type": 1,
          "TypeId": "c7e72bdc-21e0-4ec5-b13a-4e6bde317307",
          "ClientId": 5106148800001076,
          "AppId": "1d6cc0c3-350d-4490-9d64-0afed3497164",
          "CreateDate": "2021-05-06T04:48:00.753Z",
          "CreatedById": "cb4f8558-1a3b-42d7-a070-c3776a842651",
          "CreatedBy": "Shah Abdul Mustakim",
          "Status": 2,
          "OriginClient": 3,
          "OriginClientVersion": "5.5.7.1",
          "DisplayName": "mdemaine1187",
          "stringField7": "mdemaine1187",
          "stringField0": "+8801711234567",
          "stringField1": "Cras non velit nec nisi vulputate nonummy. Maecenas tincidunt lacus at velit. Vivamus vel nulla eget eros elementum pellentesque.\n\nQuisque porta volutpat erat. Quisque erat eros, viverra eget, congue eget, semper rutrum, nulla. Nunc purus.\n\nPhasellus in felis. Donec semper sapien a libero. Nam dui.",
          "stringField2": "Choice 2",
          "booleanField1": true,
          "stringField3": "Choice 1",
          "stringField4": "Choice 3",
          "stringField5": "8:48 PM",
          "stringField6": "Little-Bauch",
          "booleanField0": true,
          "dateField0": "2020-07-29T00:00:00Z",
          "dateField1": "2020-06-02T00:00:00Z",
          "_version_": 1698983031789846500
        },
        {
          "id": "ac9055fd-ca5d-4327-a1c8-380d9a7b1532",
          "Type": 1,
          "TypeId": "c7e72bdc-21e0-4ec5-b13a-4e6bde317307",
          "ClientId": 5106148800001076,
          "AppId": "1d6cc0c3-350d-4490-9d64-0afed3497164",
          "CreateDate": "2021-05-06T04:48:00.752Z",
          "CreatedById": "cb4f8558-1a3b-42d7-a070-c3776a842651",
          "CreatedBy": "Shah Abdul Mustakim",
          "Status": 2,
          "OriginClient": 3,
          "OriginClientVersion": "5.5.7.1",
          "DisplayName": "mdemaine1186",
          "stringField7": "mdemaine1186",
          "stringField0": "+8801711234567",
          "stringField1": "Praesent id massa id nisl venenatis lacinia. Aenean sit amet justo. Morbi ut odio.\n\nCras mi pede, malesuada in, imperdiet et, commodo vulputate, justo. In blandit ultrices enim. Lorem ipsum dolor sit amet, consectetuer adipiscing elit.\n\nProin interdum mauris non ligula pellentesque ultrices. Phasellus id sapien in sapien iaculis congue. Vivamus metus arcu, adipiscing molestie, hendrerit at, vulputate vitae, nisl.",
          "stringField2": "Choice 1",
          "booleanField1": true,
          "stringField3": "Choice 3",
          "stringField4": "Choice 1",
          "stringField5": "1:03 AM",
          "numericField0": 3.09,
          "stringField6": "Parisian Inc",
          "booleanField0": true,
          "dateField0": "2020-12-25T00:00:00Z",
          "dateField1": "2020-09-11T00:00:00Z",
          "_version_": 1698983031788798000
        },
        {
          "id": "c0274afc-1249-4b5a-a018-fdb281da05ba",
          "Type": 1,
          "TypeId": "c7e72bdc-21e0-4ec5-b13a-4e6bde317307",
          "ClientId": 5106148800001076,
          "AppId": "1d6cc0c3-350d-4490-9d64-0afed3497164",
          "CreateDate": "2021-05-06T04:48:00.752Z",
          "CreatedById": "cb4f8558-1a3b-42d7-a070-c3776a842651",
          "CreatedBy": "Shah Abdul Mustakim",
          "Status": 2,
          "OriginClient": 3,
          "OriginClientVersion": "5.5.7.1",
          "DisplayName": "mdemaine1185",
          "stringField7": "mdemaine1185",
          "stringField0": "+8801711234567",
          "stringField1": "In sagittis dui vel nisl. Duis ac nibh. Fusce lacus purus, aliquet at, feugiat non, pretium quis, lectus.\n\nSuspendisse potenti. In eleifend quam a odio. In hac habitasse platea dictumst.\n\nMaecenas ut massa quis augue luctus tincidunt. Nulla mollis molestie lorem. Quisque ut erat.",
          "stringField2": "Choice 2",
          "booleanField1": true,
          "stringField3": "Choice 3",
          "stringField4": "Choice 3",
          "stringField5": "4:54 PM",
          "numericField0": 1.91,
          "stringField6": "Schuster Inc",
          "booleanField0": false,
          "dateField0": "2020-04-21T00:00:00Z",
          "dateField1": "2021-02-12T00:00:00Z",
          "_version_": 1698983031786700800
        },
        {
          "id": "cb77efa1-846f-4519-a906-9bb1c8bd39f8",
          "Type": 1,
          "TypeId": "c7e72bdc-21e0-4ec5-b13a-4e6bde317307",
          "ClientId": 5106148800001076,
          "AppId": "1d6cc0c3-350d-4490-9d64-0afed3497164",
          "CreateDate": "2021-05-06T04:48:00.752Z",
          "CreatedById": "cb4f8558-1a3b-42d7-a070-c3776a842651",
          "CreatedBy": "Shah Abdul Mustakim",
          "Status": 2,
          "OriginClient": 3,
          "OriginClientVersion": "5.5.7.1",
          "DisplayName": "mdemaine1184",
          "stringField7": "mdemaine1184",
          "stringField0": "+8801711234567",
          "stringField1": "Duis bibendum. Morbi non quam nec dui luctus rutrum. Nulla tellus.",
          "stringField2": "Choice 3",
          "booleanField1": true,
          "stringField3": "Choice 1",
          "stringField4": "Choice 3",
          "stringField5": "9:39 AM",
          "numericField0": 1.3,
          "stringField6": "Koss, Vandervort and Batz",
          "booleanField0": true,
          "dateField0": "2021-01-03T00:00:00Z",
          "dateField1": "2020-09-03T00:00:00Z",
          "_version_": 1698983031785652200
        },
        {
          "id": "785ddab9-2a81-475a-a964-5f23fa68a21e",
          "Type": 1,
          "TypeId": "c7e72bdc-21e0-4ec5-b13a-4e6bde317307",
          "ClientId": 5106148800001076,
          "AppId": "1d6cc0c3-350d-4490-9d64-0afed3497164",
          "CreateDate": "2021-05-06T04:48:00.752Z",
          "CreatedById": "cb4f8558-1a3b-42d7-a070-c3776a842651",
          "CreatedBy": "Shah Abdul Mustakim",
          "Status": 2,
          "OriginClient": 3,
          "OriginClientVersion": "5.5.7.1",
          "DisplayName": "mdemaine1183",
          "stringField7": "mdemaine1183",
          "stringField0": "+8801711234567",
          "stringField1": "Cum sociis natoque penatibus et magnis dis parturient montes, nascetur ridiculus mus. Vivamus vestibulum sagittis sapien. Cum sociis natoque penatibus et magnis dis parturient montes, nascetur ridiculus mus.\n\nEtiam vel augue. Vestibulum rutrum rutrum neque. Aenean auctor gravida sem.",
          "stringField2": "Choice 2",
          "booleanField1": true,
          "stringField3": "Choice 3",
          "stringField4": "Choice 2",
          "stringField5": "5:00 PM",
          "stringField6": "Okuneva, Cole and Schowalter",
          "booleanField0": false,
          "dateField0": "2020-07-05T00:00:00Z",
          "dateField1": "2020-12-21T00:00:00Z",
          "_version_": 1698983031784603600
        },
        {
          "id": "e305e19f-7ecf-4e13-88e9-7518a68e9c44",
          "Type": 1,
          "TypeId": "c7e72bdc-21e0-4ec5-b13a-4e6bde317307",
          "ClientId": 5106148800001076,
          "AppId": "1d6cc0c3-350d-4490-9d64-0afed3497164",
          "CreateDate": "2021-05-06T04:48:00.751Z",
          "CreatedById": "cb4f8558-1a3b-42d7-a070-c3776a842651",
          "CreatedBy": "Shah Abdul Mustakim",
          "Status": 2,
          "OriginClient": 3,
          "OriginClientVersion": "5.5.7.1",
          "DisplayName": "mdemaine1182",
          "stringField7": "mdemaine1182",
          "stringField0": "+8801711234567",
          "stringField1": "In hac habitasse platea dictumst. Morbi vestibulum, velit id pretium iaculis, diam erat fermentum justo, nec condimentum neque sapien placerat ante. Nulla justo.\n\nAliquam quis turpis eget elit sodales scelerisque. Mauris sit amet eros. Suspendisse accumsan tortor quis turpis.",
          "stringField2": "Choice 2",
          "booleanField1": false,
          "stringField3": "Choice 3",
          "stringField4": "Choice 2",
          "stringField5": "2:48 PM",
          "numericField0": 4.15,
          "stringField6": "Koelpin-O'Conner",
          "booleanField0": false,
          "dateField0": "2020-09-22T00:00:00Z",
          "dateField1": "2020-12-14T00:00:00Z",
          "_version_": 1698983031783555000
        },
        {
          "id": "c0918e25-904b-45e8-b345-e307f8f0a80d",
          "Type": 1,
          "TypeId": "c7e72bdc-21e0-4ec5-b13a-4e6bde317307",
          "ClientId": 5106148800001076,
          "AppId": "1d6cc0c3-350d-4490-9d64-0afed3497164",
          "CreateDate": "2021-05-06T04:48:00.751Z",
          "CreatedById": "cb4f8558-1a3b-42d7-a070-c3776a842651",
          "CreatedBy": "Shah Abdul Mustakim",
          "Status": 2,
          "OriginClient": 3,
          "OriginClientVersion": "5.5.7.1",
          "DisplayName": "mdemaine1181",
          "stringField7": "mdemaine1181",
          "stringField0": "+8801711234567",
          "stringField1": "In sagittis dui vel nisl. Duis ac nibh. Fusce lacus purus, aliquet at, feugiat non, pretium quis, lectus.\n\nSuspendisse potenti. In eleifend quam a odio. In hac habitasse platea dictumst.\n\nMaecenas ut massa quis augue luctus tincidunt. Nulla mollis molestie lorem. Quisque ut erat.",
          "stringField2": "Choice 2",
          "stringField3": "Choice 3",
          "stringField4": "Choice 2",
          "stringField5": "3:40 AM",
          "stringField6": "Kunde, Schuster and Auer",
          "booleanField0": false,
          "dateField0": "2021-04-06T00:00:00Z",
          "dateField1": "2020-09-14T00:00:00Z",
          "_version_": 1698983031782506500
        }
      ]
    },
    "MessageType": 1,
    "Success": true,
    "ResponseCode": 200,
    "Message": "Search data fetched successfully"
  }