{"v":"4.7.1","fr":30,"ip":0,"op":121,"w":160,"h":160,"nm":"H_Icon_02","ddd":0,"assets":[],"layers":[{"ddd":0,"ind":1,"ty":4,"nm":"Layer 2 Outlines 2","ks":{"o":{"a":1,"k":[{"i":{"x":[0.2],"y":[1]},"o":{"x":[0.167],"y":[0.033]},"n":["0p2_1_0p167_0p033"],"t":27,"s":[100],"e":[0]},{"t":37}]},"r":{"a":1,"k":[{"i":{"x":[0.833],"y":[0.833]},"o":{"x":[0.167],"y":[0.167]},"n":["0p833_0p833_0p167_0p167"],"t":17,"s":[90],"e":[0]},{"t":37}]},"p":{"a":0,"k":[66.566,58.166,0]},"a":{"a":0,"k":[12.8,12.8,0]},"s":{"a":1,"k":[{"i":{"x":[0.2,0.2,0.2],"y":[1,1,1]},"o":{"x":[0.167,0.167,0.167],"y":[0.021,0.021,3.333]},"n":["0p2_1_0p167_0p021","0p2_1_0p167_0p021","0p2_1_0p167_3p333"],"t":17,"s":[0,0,100],"e":[160,160,100]},{"t":37}]}},"ao":0,"shapes":[{"ty":"gr","it":[{"ind":0,"ty":"sh","ix":1,"ks":{"a":0,"k":{"i":[[0,0],[0,0],[0,0],[0,0],[0,0],[0,0],[0,0],[0,0]],"o":[[0,0],[0,0],[0,0],[0,0],[0,0],[0,0],[0,0],[0,0]],"v":[[5.751,-12.551],[1.041,-0.387],[12.551,5.751],[0.387,1.041],[-5.751,12.551],[-1.041,0.387],[-12.551,-5.751],[-0.387,-1.041]],"c":true}},"nm":"Path 1","mn":"ADBE Vector Shape - Group"},{"ty":"fl","c":{"a":0,"k":[1,1,1,1]},"o":{"a":0,"k":100},"r":1,"nm":"Fill 1","mn":"ADBE Vector Graphic - Fill"},{"ty":"tr","p":{"a":0,"k":[12.8,12.8],"ix":2},"a":{"a":0,"k":[0,0],"ix":1},"s":{"a":0,"k":[100,100],"ix":3},"r":{"a":0,"k":0,"ix":6},"o":{"a":0,"k":100,"ix":7},"sk":{"a":0,"k":0,"ix":4},"sa":{"a":0,"k":0,"ix":5},"nm":"Transform"}],"nm":"Group 1","np":2,"cix":2,"ix":1,"mn":"ADBE Vector Group"}],"ip":17,"op":38,"st":17,"bm":0,"sr":1},{"ddd":0,"ind":2,"ty":4,"nm":"Layer 2 Outlines 3","ks":{"o":{"a":1,"k":[{"i":{"x":[0.2],"y":[1]},"o":{"x":[0.167],"y":[0.033]},"n":["0p2_1_0p167_0p033"],"t":78.5,"s":[100],"e":[0]},{"t":85}]},"r":{"a":1,"k":[{"i":{"x":[0.833],"y":[0.833]},"o":{"x":[0.167],"y":[0.167]},"n":["0p833_0p833_0p167_0p167"],"t":72,"s":[90],"e":[0]},{"t":85}]},"p":{"a":0,"k":[46.066,47.666,0]},"a":{"a":0,"k":[12.8,12.8,0]},"s":{"a":1,"k":[{"i":{"x":[0.2,0.2,0.2],"y":[1,1,1]},"o":{"x":[0.167,0.167,0.167],"y":[0.021,0.021,3.333]},"n":["0p2_1_0p167_0p021","0p2_1_0p167_0p021","0p2_1_0p167_3p333"],"t":72,"s":[0,0,100],"e":[160,160,100]},{"t":85}]}},"ao":0,"shapes":[{"ty":"gr","it":[{"ind":0,"ty":"sh","ix":1,"ks":{"a":0,"k":{"i":[[0,0],[0,0],[0,0],[0,0],[0,0],[0,0],[0,0],[0,0]],"o":[[0,0],[0,0],[0,0],[0,0],[0,0],[0,0],[0,0],[0,0]],"v":[[5.751,-12.551],[1.041,-0.387],[12.551,5.751],[0.387,1.041],[-5.751,12.551],[-1.041,0.387],[-12.551,-5.751],[-0.387,-1.041]],"c":true}},"nm":"Path 1","mn":"ADBE Vector Shape - Group"},{"ty":"fl","c":{"a":0,"k":[1,1,1,1]},"o":{"a":0,"k":100},"r":1,"nm":"Fill 1","mn":"ADBE Vector Graphic - Fill"},{"ty":"tr","p":{"a":0,"k":[12.8,12.8],"ix":2},"a":{"a":0,"k":[0,0],"ix":1},"s":{"a":0,"k":[100,100],"ix":3},"r":{"a":0,"k":0,"ix":6},"o":{"a":0,"k":100,"ix":7},"sk":{"a":0,"k":0,"ix":4},"sa":{"a":0,"k":0,"ix":5},"nm":"Transform"}],"nm":"Group 1","np":2,"cix":2,"ix":1,"mn":"ADBE Vector Group"}],"ip":72,"op":86,"st":72,"bm":0,"sr":1},{"ddd":0,"ind":3,"ty":4,"nm":"Layer 2 Outlines","ks":{"o":{"a":1,"k":[{"i":{"x":[0.2],"y":[1]},"o":{"x":[0.167],"y":[0.033]},"n":["0p2_1_0p167_0p033"],"t":67.5,"s":[100],"e":[0]},{"t":74}]},"r":{"a":1,"k":[{"i":{"x":[0.833],"y":[0.833]},"o":{"x":[0.167],"y":[0.167]},"n":["0p833_0p833_0p167_0p167"],"t":61,"s":[90],"e":[0]},{"t":74}]},"p":{"a":0,"k":[99.566,105.666,0]},"a":{"a":0,"k":[12.8,12.8,0]},"s":{"a":1,"k":[{"i":{"x":[0.2,0.2,0.2],"y":[1,1,1]},"o":{"x":[0.167,0.167,0.167],"y":[0.021,0.021,3.333]},"n":["0p2_1_0p167_0p021","0p2_1_0p167_0p021","0p2_1_0p167_3p333"],"t":61,"s":[0,0,100],"e":[160,160,100]},{"t":74}]}},"ao":0,"shapes":[{"ty":"gr","it":[{"ind":0,"ty":"sh","ix":1,"ks":{"a":0,"k":{"i":[[0,0],[0,0],[0,0],[0,0],[0,0],[0,0],[0,0],[0,0]],"o":[[0,0],[0,0],[0,0],[0,0],[0,0],[0,0],[0,0],[0,0]],"v":[[5.751,-12.551],[1.041,-0.387],[12.551,5.751],[0.387,1.041],[-5.751,12.551],[-1.041,0.387],[-12.551,-5.751],[-0.387,-1.041]],"c":true}},"nm":"Path 1","mn":"ADBE Vector Shape - Group"},{"ty":"fl","c":{"a":0,"k":[1,1,1,1]},"o":{"a":0,"k":100},"r":1,"nm":"Fill 1","mn":"ADBE Vector Graphic - Fill"},{"ty":"tr","p":{"a":0,"k":[12.8,12.8],"ix":2},"a":{"a":0,"k":[0,0],"ix":1},"s":{"a":0,"k":[100,100],"ix":3},"r":{"a":0,"k":0,"ix":6},"o":{"a":0,"k":100,"ix":7},"sk":{"a":0,"k":0,"ix":4},"sa":{"a":0,"k":0,"ix":5},"nm":"Transform"}],"nm":"Group 1","np":2,"cix":2,"ix":1,"mn":"ADBE Vector Group"}],"ip":61,"op":75,"st":61,"bm":0,"sr":1},{"ddd":0,"ind":4,"ty":4,"nm":"Star","parent":5,"ks":{"o":{"a":0,"k":100},"r":{"a":1,"k":[{"i":{"x":[0.833],"y":[1]},"o":{"x":[0.167],"y":[0]},"n":["0p833_1_0p167_0"],"t":51,"s":[-90],"e":[-90]},{"i":{"x":[0.833],"y":[0.937]},"o":{"x":[0.167],"y":[0]},"n":["0p833_0p937_0p167_0"],"t":52,"s":[-90],"e":[-90]},{"i":{"x":[0.833],"y":[0.943]},"o":{"x":[0.167],"y":[0.017]},"n":["0p833_0p943_0p167_0p017"],"t":53,"s":[-90],"e":[-86.233]},{"i":{"x":[0.833],"y":[0.96]},"o":{"x":[0.167],"y":[0.024]},"n":["0p833_0p96_0p167_0p024"],"t":54,"s":[-86.233],"e":[-77.108]},{"i":{"x":[0.833],"y":[0.964]},"o":{"x":[0.167],"y":[0.029]},"n":["0p833_0p964_0p167_0p029"],"t":55,"s":[-77.108],"e":[-64.549]},{"i":{"x":[0.833],"y":[0.965]},"o":{"x":[0.167],"y":[0.031]},"n":["0p833_0p965_0p167_0p031"],"t":56,"s":[-64.549],"e":[-49.64]},{"i":{"x":[0.833],"y":[0.966]},"o":{"x":[0.167],"y":[0.032]},"n":["0p833_0p966_0p167_0p032"],"t":57,"s":[-49.64],"e":[-33.163]},{"i":{"x":[0.833],"y":[0.968]},"o":{"x":[0.167],"y":[0.033]},"n":["0p833_0p968_0p167_0p033"],"t":58,"s":[-33.163],"e":[-15.944]},{"i":{"x":[0.833],"y":[0.977]},"o":{"x":[0.167],"y":[0.035]},"n":["0p833_0p977_0p167_0p035"],"t":59,"s":[-15.944],"e":[0]},{"i":{"x":[0.833],"y":[0.974]},"o":{"x":[0.167],"y":[0.062]},"n":["0p833_0p974_0p167_0p062"],"t":60,"s":[0],"e":[5.808]},{"i":{"x":[0.833],"y":[0.979]},"o":{"x":[0.167],"y":[0.047]},"n":["0p833_0p979_0p167_0p047"],"t":61,"s":[5.808],"e":[8.983]},{"i":{"x":[0.833],"y":[1.008]},"o":{"x":[0.167],"y":[0.087]},"n":["0p833_1p008_0p167_0p087"],"t":62,"s":[8.983],"e":[9.731]},{"i":{"x":[0.833],"y":[0.95]},"o":{"x":[0.167],"y":[0.006]},"n":["0p833_0p95_0p167_0p006"],"t":63,"s":[9.731],"e":[8.614]},{"i":{"x":[0.833],"y":[0.963]},"o":{"x":[0.167],"y":[0.025]},"n":["0p833_0p963_0p167_0p025"],"t":64,"s":[8.614],"e":[6.349]},{"i":{"x":[0.833],"y":[0.968]},"o":{"x":[0.167],"y":[0.031]},"n":["0p833_0p968_0p167_0p031"],"t":65,"s":[6.349],"e":[3.648]},{"i":{"x":[0.833],"y":[0.97]},"o":{"x":[0.167],"y":[0.034]},"n":["0p833_0p97_0p167_0p034"],"t":66,"s":[3.648],"e":[1.092]},{"i":{"x":[0.833],"y":[0.973]},"o":{"x":[0.167],"y":[0.038]},"n":["0p833_0p973_0p167_0p038"],"t":67,"s":[1.092],"e":[-0.925]},{"i":{"x":[0.833],"y":[0.976]},"o":{"x":[0.167],"y":[0.043]},"n":["0p833_0p976_0p167_0p043"],"t":68,"s":[-0.925],"e":[-2.212]},{"i":{"x":[0.833],"y":[0.986]},"o":{"x":[0.167],"y":[0.056]},"n":["0p833_0p986_0p167_0p056"],"t":69,"s":[-2.212],"e":[-2.759]},{"i":{"x":[0.833],"y":[0.873]},"o":{"x":[0.167],"y":[-0.102]},"n":["0p833_0p873_0p167_-0p102"],"t":70,"s":[-2.759],"e":[-2.682]},{"i":{"x":[0.833],"y":[0.959]},"o":{"x":[0.167],"y":[0.019]},"n":["0p833_0p959_0p167_0p019"],"t":71,"s":[-2.682],"e":[-2.171]},{"i":{"x":[0.833],"y":[0.966]},"o":{"x":[0.167],"y":[0.028]},"n":["0p833_0p966_0p167_0p028"],"t":72,"s":[-2.171],"e":[-1.436]},{"i":{"x":[0.833],"y":[0.969]},"o":{"x":[0.167],"y":[0.033]},"n":["0p833_0p969_0p167_0p033"],"t":73,"s":[-1.436],"e":[-0.665]},{"i":{"x":[0.833],"y":[0.971]},"o":{"x":[0.167],"y":[0.036]},"n":["0p833_0p971_0p167_0p036"],"t":74,"s":[-0.665],"e":[0]},{"i":{"x":[0.833],"y":[0.974]},"o":{"x":[0.167],"y":[0.04]},"n":["0p833_0p974_0p167_0p04"],"t":75,"s":[0],"e":[0.477]},{"i":{"x":[0.833],"y":[0.979]},"o":{"x":[0.167],"y":[0.047]},"n":["0p833_0p979_0p167_0p047"],"t":76,"s":[0.477],"e":[0.737]},{"i":{"x":[0.833],"y":[1.008]},"o":{"x":[0.167],"y":[0.087]},"n":["0p833_1p008_0p167_0p087"],"t":77,"s":[0.737],"e":[0.799]},{"i":{"x":[0.833],"y":[0.95]},"o":{"x":[0.167],"y":[0.006]},"n":["0p833_0p95_0p167_0p006"],"t":78,"s":[0.799],"e":[0.707]},{"i":{"x":[0.833],"y":[0.963]},"o":{"x":[0.167],"y":[0.025]},"n":["0p833_0p963_0p167_0p025"],"t":79,"s":[0.707],"e":[0.521]},{"i":{"x":[0.833],"y":[0.968]},"o":{"x":[0.167],"y":[0.031]},"n":["0p833_0p968_0p167_0p031"],"t":80,"s":[0.521],"e":[0.299]},{"i":{"x":[0.833],"y":[0.97]},"o":{"x":[0.167],"y":[0.034]},"n":["0p833_0p97_0p167_0p034"],"t":81,"s":[0.299],"e":[0.09]},{"i":{"x":[0.833],"y":[0.973]},"o":{"x":[0.167],"y":[0.038]},"n":["0p833_0p973_0p167_0p038"],"t":82,"s":[0.09],"e":[-0.076]},{"i":{"x":[0.833],"y":[0.976]},"o":{"x":[0.167],"y":[0.043]},"n":["0p833_0p976_0p167_0p043"],"t":83,"s":[-0.076],"e":[-0.182]},{"i":{"x":[0.833],"y":[0.986]},"o":{"x":[0.167],"y":[0.056]},"n":["0p833_0p986_0p167_0p056"],"t":84,"s":[-0.182],"e":[-0.227]},{"i":{"x":[0.833],"y":[0.873]},"o":{"x":[0.167],"y":[-0.102]},"n":["0p833_0p873_0p167_-0p102"],"t":85,"s":[-0.227],"e":[-0.22]},{"i":{"x":[0.833],"y":[0.959]},"o":{"x":[0.167],"y":[0.019]},"n":["0p833_0p959_0p167_0p019"],"t":86,"s":[-0.22],"e":[-0.178]},{"i":{"x":[0.833],"y":[0.966]},"o":{"x":[0.167],"y":[0.028]},"n":["0p833_0p966_0p167_0p028"],"t":87,"s":[-0.178],"e":[-0.118]},{"i":{"x":[0.833],"y":[0.969]},"o":{"x":[0.167],"y":[0.033]},"n":["0p833_0p969_0p167_0p033"],"t":88,"s":[-0.118],"e":[-0.055]},{"i":{"x":[0.833],"y":[0.967]},"o":{"x":[0.167],"y":[0.036]},"n":["0p833_0p967_0p167_0p036"],"t":89,"s":[-0.055],"e":[0]},{"t":90}]},"p":{"s":true,"x":{"a":1,"k":[{"i":{"x":[0.833],"y":[1]},"o":{"x":[0.167],"y":[0]},"n":["0p833_1_0p167_0"],"t":51,"s":[15.556],"e":[15.556]},{"i":{"x":[0.833],"y":[0.907]},"o":{"x":[0.167],"y":[0]},"n":["0p833_0p907_0p167_0"],"t":52,"s":[15.556],"e":[15.556]},{"i":{"x":[0.833],"y":[0.967]},"o":{"x":[0.167],"y":[0.017]},"n":["0p833_0p967_0p167_0p017"],"t":53,"s":[15.556],"e":[21.106]},{"i":{"x":[0.833],"y":[0.967]},"o":{"x":[0.167],"y":[0.033]},"n":["0p833_0p967_0p167_0p033"],"t":54,"s":[21.106],"e":[26.656]},{"i":{"x":[0.833],"y":[0.967]},"o":{"x":[0.167],"y":[0.033]},"n":["0p833_0p967_0p167_0p033"],"t":55,"s":[26.656],"e":[32.206]},{"i":{"x":[0.833],"y":[0.976]},"o":{"x":[0.167],"y":[0.033]},"n":["0p833_0p976_0p167_0p033"],"t":56,"s":[32.206],"e":[37.756]},{"i":{"x":[0.833],"y":[0.974]},"o":{"x":[0.167],"y":[0.057]},"n":["0p833_0p974_0p167_0p057"],"t":57,"s":[37.756],"e":[40.049]},{"i":{"x":[0.833],"y":[0.979]},"o":{"x":[0.167],"y":[0.047]},"n":["0p833_0p979_0p167_0p047"],"t":58,"s":[40.049],"e":[41.303]},{"i":{"x":[0.833],"y":[1.008]},"o":{"x":[0.167],"y":[0.087]},"n":["0p833_1p008_0p167_0p087"],"t":59,"s":[41.303],"e":[41.598]},{"i":{"x":[0.833],"y":[0.95]},"o":{"x":[0.167],"y":[0.006]},"n":["0p833_0p95_0p167_0p006"],"t":60,"s":[41.598],"e":[41.157]},{"i":{"x":[0.833],"y":[0.963]},"o":{"x":[0.167],"y":[0.025]},"n":["0p833_0p963_0p167_0p025"],"t":61,"s":[41.157],"e":[40.263]},{"i":{"x":[0.833],"y":[0.968]},"o":{"x":[0.167],"y":[0.031]},"n":["0p833_0p968_0p167_0p031"],"t":62,"s":[40.263],"e":[39.196]},{"i":{"x":[0.833],"y":[0.97]},"o":{"x":[0.167],"y":[0.034]},"n":["0p833_0p97_0p167_0p034"],"t":63,"s":[39.196],"e":[38.187]},{"i":{"x":[0.833],"y":[0.973]},"o":{"x":[0.167],"y":[0.038]},"n":["0p833_0p973_0p167_0p038"],"t":64,"s":[38.187],"e":[37.391]},{"i":{"x":[0.833],"y":[0.976]},"o":{"x":[0.167],"y":[0.043]},"n":["0p833_0p976_0p167_0p043"],"t":65,"s":[37.391],"e":[36.883]},{"i":{"x":[0.833],"y":[0.986]},"o":{"x":[0.167],"y":[0.056]},"n":["0p833_0p986_0p167_0p056"],"t":66,"s":[36.883],"e":[36.667]},{"i":{"x":[0.833],"y":[0.873]},"o":{"x":[0.167],"y":[-0.102]},"n":["0p833_0p873_0p167_-0p102"],"t":67,"s":[36.667],"e":[36.697]},{"i":{"x":[0.833],"y":[0.959]},"o":{"x":[0.167],"y":[0.019]},"n":["0p833_0p959_0p167_0p019"],"t":68,"s":[36.697],"e":[36.899]},{"i":{"x":[0.833],"y":[0.966]},"o":{"x":[0.167],"y":[0.028]},"n":["0p833_0p966_0p167_0p028"],"t":69,"s":[36.899],"e":[37.189]},{"i":{"x":[0.833],"y":[0.969]},"o":{"x":[0.167],"y":[0.033]},"n":["0p833_0p969_0p167_0p033"],"t":70,"s":[37.189],"e":[37.494]},{"i":{"x":[0.833],"y":[0.971]},"o":{"x":[0.167],"y":[0.036]},"n":["0p833_0p971_0p167_0p036"],"t":71,"s":[37.494],"e":[37.756]},{"i":{"x":[0.833],"y":[0.974]},"o":{"x":[0.167],"y":[0.04]},"n":["0p833_0p974_0p167_0p04"],"t":72,"s":[37.756],"e":[37.945]},{"i":{"x":[0.833],"y":[0.979]},"o":{"x":[0.167],"y":[0.047]},"n":["0p833_0p979_0p167_0p047"],"t":73,"s":[37.945],"e":[38.047]},{"i":{"x":[0.833],"y":[1.008]},"o":{"x":[0.167],"y":[0.087]},"n":["0p833_1p008_0p167_0p087"],"t":74,"s":[38.047],"e":[38.072]},{"i":{"x":[0.833],"y":[0.95]},"o":{"x":[0.167],"y":[0.006]},"n":["0p833_0p95_0p167_0p006"],"t":75,"s":[38.072],"e":[38.035]},{"i":{"x":[0.833],"y":[0.963]},"o":{"x":[0.167],"y":[0.025]},"n":["0p833_0p963_0p167_0p025"],"t":76,"s":[38.035],"e":[37.962]},{"i":{"x":[0.833],"y":[0.968]},"o":{"x":[0.167],"y":[0.031]},"n":["0p833_0p968_0p167_0p031"],"t":77,"s":[37.962],"e":[37.875]},{"i":{"x":[0.833],"y":[0.97]},"o":{"x":[0.167],"y":[0.034]},"n":["0p833_0p97_0p167_0p034"],"t":78,"s":[37.875],"e":[37.792]},{"i":{"x":[0.833],"y":[0.973]},"o":{"x":[0.167],"y":[0.038]},"n":["0p833_0p973_0p167_0p038"],"t":79,"s":[37.792],"e":[37.726]},{"i":{"x":[0.833],"y":[0.976]},"o":{"x":[0.167],"y":[0.043]},"n":["0p833_0p976_0p167_0p043"],"t":80,"s":[37.726],"e":[37.685]},{"i":{"x":[0.833],"y":[0.986]},"o":{"x":[0.167],"y":[0.056]},"n":["0p833_0p986_0p167_0p056"],"t":81,"s":[37.685],"e":[37.667]},{"i":{"x":[0.833],"y":[0.873]},"o":{"x":[0.167],"y":[-0.102]},"n":["0p833_0p873_0p167_-0p102"],"t":82,"s":[37.667],"e":[37.669]},{"i":{"x":[0.833],"y":[0.959]},"o":{"x":[0.167],"y":[0.019]},"n":["0p833_0p959_0p167_0p019"],"t":83,"s":[37.669],"e":[37.686]},{"i":{"x":[0.833],"y":[0.966]},"o":{"x":[0.167],"y":[0.028]},"n":["0p833_0p966_0p167_0p028"],"t":84,"s":[37.686],"e":[37.71]},{"i":{"x":[0.833],"y":[0.969]},"o":{"x":[0.167],"y":[0.033]},"n":["0p833_0p969_0p167_0p033"],"t":85,"s":[37.71],"e":[37.735]},{"i":{"x":[0.833],"y":[0.971]},"o":{"x":[0.167],"y":[0.036]},"n":["0p833_0p971_0p167_0p036"],"t":86,"s":[37.735],"e":[37.756]},{"i":{"x":[0.833],"y":[0.974]},"o":{"x":[0.167],"y":[0.04]},"n":["0p833_0p974_0p167_0p04"],"t":87,"s":[37.756],"e":[37.772]},{"i":{"x":[0.833],"y":[0.979]},"o":{"x":[0.167],"y":[0.047]},"n":["0p833_0p979_0p167_0p047"],"t":88,"s":[37.772],"e":[37.78]},{"i":{"x":[0.833],"y":[0.967]},"o":{"x":[0.167],"y":[0.087]},"n":["0p833_0p967_0p167_0p087"],"t":89,"s":[37.78],"e":[37.782]},{"t":90}]},"y":{"a":0,"k":42.719}},"a":{"a":0,"k":[14.742,13.951,0]},"s":{"a":0,"k":[100,100,100]}},"ao":0,"ef":[{"ty":5,"nm":"Rotation - Overshoot","mn":"ADBE Slider Control","ix":1,"en":1,"ef":[{"ty":0,"nm":"Slider","mn":"ADBE Slider Control-0001","ix":1,"v":{"a":0,"k":10,"x":"var $bm_rt;\n$bm_rt = clamp(value, 0, 100);"}}]},{"ty":5,"nm":"Rotation - Bounce","mn":"ADBE Slider Control","ix":2,"en":1,"ef":[{"ty":0,"nm":"Slider","mn":"ADBE Slider Control-0001","ix":1,"v":{"a":0,"k":40,"x":"var $bm_rt;\n$bm_rt = clamp(value, 0, 100);"}}]},{"ty":5,"nm":"Rotation - Friction","mn":"ADBE Slider Control","ix":3,"en":1,"ef":[{"ty":0,"nm":"Slider","mn":"ADBE Slider Control-0001","ix":1,"v":{"a":0,"k":100,"x":"var $bm_rt;\n$bm_rt = clamp(value, 0, 100);"}}]},{"ty":5,"nm":"X Position - Overshoot","mn":"ADBE Slider Control","ix":4,"en":1,"ef":[{"ty":0,"nm":"Slider","mn":"ADBE Slider Control-0001","ix":1,"v":{"a":0,"k":10,"x":"var $bm_rt;\n$bm_rt = clamp(value, 0, 100);"}}]},{"ty":5,"nm":"X Position - Bounce","mn":"ADBE Slider Control","ix":5,"en":1,"ef":[{"ty":0,"nm":"Slider","mn":"ADBE Slider Control-0001","ix":1,"v":{"a":0,"k":40,"x":"var $bm_rt;\n$bm_rt = clamp(value, 0, 100);"}}]},{"ty":5,"nm":"X Position - Friction","mn":"ADBE Slider Control","ix":6,"en":1,"ef":[{"ty":0,"nm":"Slider","mn":"ADBE Slider Control-0001","ix":1,"v":{"a":0,"k":100,"x":"var $bm_rt;\n$bm_rt = clamp(value, 0, 100);"}}]}],"shapes":[{"ty":"gr","it":[{"ind":0,"ty":"sh","ix":1,"ks":{"a":0,"k":{"i":[[0.287,0.719],[0.791,0.144],[0,0],[0,0],[0.791,0],[0.359,-0.72],[0,0],[0,0],[0.215,-0.719],[-0.575,-0.504],[0,0],[0,0],[-0.647,-0.432],[-0.432,0],[-0.288,0.143],[0,0],[0,0],[-0.36,0],[-0.359,0.216],[0.143,0.719],[0,0],[0,0]],"o":[[-0.216,-0.719],[0,0],[0,0],[-0.36,-0.719],[-0.791,0],[0,0],[0,0],[-0.791,0.144],[-0.216,0.719],[0,0],[0,0],[-0.144,0.719],[0.36,0.216],[0.36,0],[0,0],[0,0],[0.288,0.143],[0.431,0],[0.648,-0.432],[0,0],[0,0],[0.431,-0.576]],"v":[[14.204,-3.488],[12.55,-4.855],[5.07,-5.932],[1.835,-12.549],[-0.036,-13.701],[-1.906,-12.549],[-5.143,-5.932],[-12.622,-4.855],[-14.275,-3.488],[-13.773,-1.474],[-8.307,3.921],[-9.602,11.4],[-8.738,13.342],[-7.516,13.701],[-6.508,13.486],[0.035,10.034],[6.581,13.486],[7.587,13.701],[8.809,13.342],[9.673,11.4],[8.378,3.921],[13.844,-1.474]],"c":true}},"nm":"Path 1","mn":"ADBE Vector Shape - Group"},{"ty":"fl","c":{"a":0,"k":[0.431,0.839,0.604,1]},"o":{"a":0,"k":100},"r":1,"nm":"Fill 1","mn":"ADBE Vector Graphic - Fill"},{"ty":"tr","p":{"a":0,"k":[14.741,13.951],"ix":2},"a":{"a":0,"k":[0,0],"ix":1},"s":{"a":0,"k":[100,100],"ix":3},"r":{"a":0,"k":0,"ix":6},"o":{"a":0,"k":100,"ix":7},"sk":{"a":0,"k":0,"ix":4},"sa":{"a":0,"k":0,"ix":5},"nm":"Transform"}],"nm":"Group 1","np":2,"cix":2,"ix":1,"mn":"ADBE Vector Group"}],"ip":51,"op":121,"st":51,"bm":0,"sr":1},{"ddd":0,"ind":5,"ty":4,"nm":"Main","ks":{"o":{"a":0,"k":100},"r":{"a":1,"k":[{"i":{"x":[0.833],"y":[0.941]},"o":{"x":[0.167],"y":[0.033]},"n":["0p833_0p941_0p167_0p033"],"t":51,"s":[-25],"e":[-24.341]},{"i":{"x":[0.833],"y":[0.96]},"o":{"x":[0.167],"y":[0.023]},"n":["0p833_0p96_0p167_0p023"],"t":52,"s":[-24.341],"e":[-22.687]},{"i":{"x":[0.833],"y":[0.963]},"o":{"x":[0.167],"y":[0.028]},"n":["0p833_0p963_0p167_0p028"],"t":53,"s":[-22.687],"e":[-20.344]},{"i":{"x":[0.833],"y":[0.964]},"o":{"x":[0.167],"y":[0.03]},"n":["0p833_0p964_0p167_0p03"],"t":54,"s":[-20.344],"e":[-17.498]},{"i":{"x":[0.833],"y":[0.965]},"o":{"x":[0.167],"y":[0.031]},"n":["0p833_0p965_0p167_0p031"],"t":55,"s":[-17.498],"e":[-14.274]},{"i":{"x":[0.833],"y":[0.966]},"o":{"x":[0.167],"y":[0.032]},"n":["0p833_0p966_0p167_0p032"],"t":56,"s":[-14.274],"e":[-10.773]},{"i":{"x":[0.833],"y":[0.966]},"o":{"x":[0.167],"y":[0.033]},"n":["0p833_0p966_0p167_0p033"],"t":57,"s":[-10.773],"e":[-7.094]},{"i":{"x":[0.833],"y":[0.968]},"o":{"x":[0.167],"y":[0.033]},"n":["0p833_0p968_0p167_0p033"],"t":58,"s":[-7.094],"e":[-3.375]},{"i":{"x":[0.833],"y":[0.977]},"o":{"x":[0.167],"y":[0.035]},"n":["0p833_0p977_0p167_0p035"],"t":59,"s":[-3.375],"e":[0]},{"i":{"x":[0.833],"y":[0.974]},"o":{"x":[0.167],"y":[0.062]},"n":["0p833_0p974_0p167_0p062"],"t":60,"s":[0],"e":[1.234]},{"i":{"x":[0.833],"y":[0.979]},"o":{"x":[0.167],"y":[0.047]},"n":["0p833_0p979_0p167_0p047"],"t":61,"s":[1.234],"e":[1.909]},{"i":{"x":[0.833],"y":[1.008]},"o":{"x":[0.167],"y":[0.087]},"n":["0p833_1p008_0p167_0p087"],"t":62,"s":[1.909],"e":[2.068]},{"i":{"x":[0.833],"y":[0.95]},"o":{"x":[0.167],"y":[0.006]},"n":["0p833_0p95_0p167_0p006"],"t":63,"s":[2.068],"e":[1.831]},{"i":{"x":[0.833],"y":[0.963]},"o":{"x":[0.167],"y":[0.025]},"n":["0p833_0p963_0p167_0p025"],"t":64,"s":[1.831],"e":[1.349]},{"i":{"x":[0.833],"y":[0.968]},"o":{"x":[0.167],"y":[0.031]},"n":["0p833_0p968_0p167_0p031"],"t":65,"s":[1.349],"e":[0.775]},{"i":{"x":[0.833],"y":[0.97]},"o":{"x":[0.167],"y":[0.034]},"n":["0p833_0p97_0p167_0p034"],"t":66,"s":[0.775],"e":[0.232]},{"i":{"x":[0.833],"y":[0.973]},"o":{"x":[0.167],"y":[0.038]},"n":["0p833_0p973_0p167_0p038"],"t":67,"s":[0.232],"e":[-0.196]},{"i":{"x":[0.833],"y":[0.976]},"o":{"x":[0.167],"y":[0.043]},"n":["0p833_0p976_0p167_0p043"],"t":68,"s":[-0.196],"e":[-0.47]},{"i":{"x":[0.833],"y":[0.986]},"o":{"x":[0.167],"y":[0.056]},"n":["0p833_0p986_0p167_0p056"],"t":69,"s":[-0.47],"e":[-0.586]},{"i":{"x":[0.833],"y":[0.873]},"o":{"x":[0.167],"y":[-0.102]},"n":["0p833_0p873_0p167_-0p102"],"t":70,"s":[-0.586],"e":[-0.57]},{"i":{"x":[0.833],"y":[0.959]},"o":{"x":[0.167],"y":[0.019]},"n":["0p833_0p959_0p167_0p019"],"t":71,"s":[-0.57],"e":[-0.461]},{"i":{"x":[0.833],"y":[0.966]},"o":{"x":[0.167],"y":[0.028]},"n":["0p833_0p966_0p167_0p028"],"t":72,"s":[-0.461],"e":[-0.305]},{"i":{"x":[0.833],"y":[0.969]},"o":{"x":[0.167],"y":[0.033]},"n":["0p833_0p969_0p167_0p033"],"t":73,"s":[-0.305],"e":[-0.141]},{"i":{"x":[0.833],"y":[0.971]},"o":{"x":[0.167],"y":[0.036]},"n":["0p833_0p971_0p167_0p036"],"t":74,"s":[-0.141],"e":[0]},{"i":{"x":[0.833],"y":[0.974]},"o":{"x":[0.167],"y":[0.04]},"n":["0p833_0p974_0p167_0p04"],"t":75,"s":[0],"e":[0.101]},{"i":{"x":[0.833],"y":[0.979]},"o":{"x":[0.167],"y":[0.047]},"n":["0p833_0p979_0p167_0p047"],"t":76,"s":[0.101],"e":[0.157]},{"i":{"x":[0.833],"y":[1.008]},"o":{"x":[0.167],"y":[0.087]},"n":["0p833_1p008_0p167_0p087"],"t":77,"s":[0.157],"e":[0.17]},{"i":{"x":[0.833],"y":[0.95]},"o":{"x":[0.167],"y":[0.006]},"n":["0p833_0p95_0p167_0p006"],"t":78,"s":[0.17],"e":[0.15]},{"i":{"x":[0.833],"y":[0.963]},"o":{"x":[0.167],"y":[0.025]},"n":["0p833_0p963_0p167_0p025"],"t":79,"s":[0.15],"e":[0.111]},{"i":{"x":[0.833],"y":[0.968]},"o":{"x":[0.167],"y":[0.031]},"n":["0p833_0p968_0p167_0p031"],"t":80,"s":[0.111],"e":[0.064]},{"i":{"x":[0.833],"y":[0.97]},"o":{"x":[0.167],"y":[0.034]},"n":["0p833_0p97_0p167_0p034"],"t":81,"s":[0.064],"e":[0.019]},{"i":{"x":[0.833],"y":[0.973]},"o":{"x":[0.167],"y":[0.038]},"n":["0p833_0p973_0p167_0p038"],"t":82,"s":[0.019],"e":[-0.016]},{"i":{"x":[0.833],"y":[0.976]},"o":{"x":[0.167],"y":[0.043]},"n":["0p833_0p976_0p167_0p043"],"t":83,"s":[-0.016],"e":[-0.039]},{"i":{"x":[0.833],"y":[0.986]},"o":{"x":[0.167],"y":[0.056]},"n":["0p833_0p986_0p167_0p056"],"t":84,"s":[-0.039],"e":[-0.048]},{"i":{"x":[0.833],"y":[0.873]},"o":{"x":[0.167],"y":[-0.102]},"n":["0p833_0p873_0p167_-0p102"],"t":85,"s":[-0.048],"e":[-0.047]},{"i":{"x":[0.833],"y":[0.959]},"o":{"x":[0.167],"y":[0.019]},"n":["0p833_0p959_0p167_0p019"],"t":86,"s":[-0.047],"e":[-0.038]},{"i":{"x":[0.833],"y":[0.966]},"o":{"x":[0.167],"y":[0.028]},"n":["0p833_0p966_0p167_0p028"],"t":87,"s":[-0.038],"e":[-0.025]},{"i":{"x":[0.833],"y":[0.969]},"o":{"x":[0.167],"y":[0.033]},"n":["0p833_0p969_0p167_0p033"],"t":88,"s":[-0.025],"e":[-0.012]},{"i":{"x":[0.833],"y":[0.971]},"o":{"x":[0.167],"y":[0.036]},"n":["0p833_0p971_0p167_0p036"],"t":89,"s":[-0.012],"e":[0]},{"i":{"x":[0.833],"y":[0.974]},"o":{"x":[0.167],"y":[0.04]},"n":["0p833_0p974_0p167_0p04"],"t":90,"s":[0],"e":[0.008]},{"i":{"x":[0.833],"y":[0.979]},"o":{"x":[0.167],"y":[0.047]},"n":["0p833_0p979_0p167_0p047"],"t":91,"s":[0.008],"e":[0.013]},{"i":{"x":[0.833],"y":[1.015]},"o":{"x":[0.167],"y":[0.087]},"n":["0p833_1p015_0p167_0p087"],"t":92,"s":[0.013],"e":[0.014]},{"i":{"x":[0.833],"y":[0.967]},"o":{"x":[0.167],"y":[0.03]},"n":["0p833_0p967_0p167_0p03"],"t":93,"s":[0.014],"e":[0]},{"t":119}]},"p":{"s":true,"x":{"a":1,"k":[{"i":{"x":[0.7],"y":[0.886]},"o":{"x":[0.3],"y":[0.033]},"n":["0p7_0p886_0p3_0p033"],"t":51,"s":[16.812],"e":[19.534]},{"i":{"x":[0.7],"y":[0.921]},"o":{"x":[0.3],"y":[0.047]},"n":["0p7_0p921_0p3_0p047"],"t":52,"s":[19.534],"e":[26.123]},{"i":{"x":[0.7],"y":[0.927]},"o":{"x":[0.3],"y":[0.058]},"n":["0p7_0p927_0p3_0p058"],"t":53,"s":[26.123],"e":[35.2]},{"i":{"x":[0.7],"y":[0.93]},"o":{"x":[0.3],"y":[0.061]},"n":["0p7_0p93_0p3_0p061"],"t":54,"s":[35.2],"e":[45.962]},{"i":{"x":[0.7],"y":[0.932]},"o":{"x":[0.3],"y":[0.063]},"n":["0p7_0p932_0p3_0p063"],"t":55,"s":[45.962],"e":[57.86]},{"i":{"x":[0.7],"y":[0.936]},"o":{"x":[0.3],"y":[0.065]},"n":["0p7_0p936_0p3_0p065"],"t":56,"s":[57.86],"e":[70.297]},{"i":{"x":[0.7],"y":[0.955]},"o":{"x":[0.3],"y":[0.069]},"n":["0p7_0p955_0p3_0p069"],"t":57,"s":[70.297],"e":[81.812]},{"i":{"x":[0.7],"y":[0.948]},"o":{"x":[0.3],"y":[0.125]},"n":["0p7_0p948_0p3_0p125"],"t":58,"s":[81.812],"e":[86.006]},{"i":{"x":[0.7],"y":[0.959]},"o":{"x":[0.3],"y":[0.094]},"n":["0p7_0p959_0p3_0p094"],"t":59,"s":[86.006],"e":[88.299]},{"i":{"x":[0.7],"y":[1.016]},"o":{"x":[0.3],"y":[0.175]},"n":["0p7_1p016_0p3_0p175"],"t":60,"s":[88.299],"e":[88.839]},{"i":{"x":[0.7],"y":[0.899]},"o":{"x":[0.3],"y":[0.011]},"n":["0p7_0p899_0p3_0p011"],"t":61,"s":[88.839],"e":[88.032]},{"i":{"x":[0.7],"y":[0.927]},"o":{"x":[0.3],"y":[0.05]},"n":["0p7_0p927_0p3_0p05"],"t":62,"s":[88.032],"e":[86.397]},{"i":{"x":[0.7],"y":[0.935]},"o":{"x":[0.3],"y":[0.061]},"n":["0p7_0p935_0p3_0p061"],"t":63,"s":[86.397],"e":[84.446]},{"i":{"x":[0.7],"y":[0.94]},"o":{"x":[0.3],"y":[0.069]},"n":["0p7_0p94_0p3_0p069"],"t":64,"s":[84.446],"e":[82.601]},{"i":{"x":[0.7],"y":[0.945]},"o":{"x":[0.3],"y":[0.076]},"n":["0p7_0p945_0p3_0p076"],"t":65,"s":[82.601],"e":[81.144]},{"i":{"x":[0.7],"y":[0.953]},"o":{"x":[0.3],"y":[0.086]},"n":["0p7_0p953_0p3_0p086"],"t":66,"s":[81.144],"e":[80.214]},{"i":{"x":[0.7],"y":[0.971]},"o":{"x":[0.3],"y":[0.112]},"n":["0p7_0p971_0p3_0p112"],"t":67,"s":[80.214],"e":[79.819]},{"i":{"x":[0.7],"y":[0.746]},"o":{"x":[0.3],"y":[-0.203]},"n":["0p7_0p746_0p3_-0p203"],"t":68,"s":[79.819],"e":[79.875]},{"i":{"x":[0.7],"y":[0.919]},"o":{"x":[0.3],"y":[0.038]},"n":["0p7_0p919_0p3_0p038"],"t":69,"s":[79.875],"e":[80.244]},{"i":{"x":[0.7],"y":[0.932]},"o":{"x":[0.3],"y":[0.057]},"n":["0p7_0p932_0p3_0p057"],"t":70,"s":[80.244],"e":[80.775]},{"i":{"x":[0.7],"y":[0.938]},"o":{"x":[0.3],"y":[0.065]},"n":["0p7_0p938_0p3_0p065"],"t":71,"s":[80.775],"e":[81.331]},{"i":{"x":[0.7],"y":[0.943]},"o":{"x":[0.3],"y":[0.072]},"n":["0p7_0p943_0p3_0p072"],"t":72,"s":[81.331],"e":[81.812]},{"i":{"x":[0.7],"y":[0.948]},"o":{"x":[0.3],"y":[0.08]},"n":["0p7_0p948_0p3_0p08"],"t":73,"s":[81.812],"e":[82.156]},{"i":{"x":[0.7],"y":[0.959]},"o":{"x":[0.3],"y":[0.094]},"n":["0p7_0p959_0p3_0p094"],"t":74,"s":[82.156],"e":[82.344]},{"i":{"x":[0.7],"y":[1.016]},"o":{"x":[0.3],"y":[0.175]},"n":["0p7_1p016_0p3_0p175"],"t":75,"s":[82.344],"e":[82.389]},{"i":{"x":[0.7],"y":[0.899]},"o":{"x":[0.3],"y":[0.011]},"n":["0p7_0p899_0p3_0p011"],"t":76,"s":[82.389],"e":[82.323]},{"i":{"x":[0.7],"y":[0.927]},"o":{"x":[0.3],"y":[0.05]},"n":["0p7_0p927_0p3_0p05"],"t":77,"s":[82.323],"e":[82.188]},{"i":{"x":[0.7],"y":[0.935]},"o":{"x":[0.3],"y":[0.061]},"n":["0p7_0p935_0p3_0p061"],"t":78,"s":[82.188],"e":[82.028]},{"i":{"x":[0.7],"y":[0.94]},"o":{"x":[0.3],"y":[0.069]},"n":["0p7_0p94_0p3_0p069"],"t":79,"s":[82.028],"e":[81.877]},{"i":{"x":[0.7],"y":[0.945]},"o":{"x":[0.3],"y":[0.076]},"n":["0p7_0p945_0p3_0p076"],"t":80,"s":[81.877],"e":[81.757]},{"i":{"x":[0.7],"y":[0.953]},"o":{"x":[0.3],"y":[0.086]},"n":["0p7_0p953_0p3_0p086"],"t":81,"s":[81.757],"e":[81.681]},{"i":{"x":[0.7],"y":[0.971]},"o":{"x":[0.3],"y":[0.112]},"n":["0p7_0p971_0p3_0p112"],"t":82,"s":[81.681],"e":[81.648]},{"i":{"x":[0.7],"y":[0.746]},"o":{"x":[0.3],"y":[-0.203]},"n":["0p7_0p746_0p3_-0p203"],"t":83,"s":[81.648],"e":[81.653]},{"i":{"x":[0.7],"y":[0.919]},"o":{"x":[0.3],"y":[0.038]},"n":["0p7_0p919_0p3_0p038"],"t":84,"s":[81.653],"e":[81.683]},{"i":{"x":[0.7],"y":[0.932]},"o":{"x":[0.3],"y":[0.057]},"n":["0p7_0p932_0p3_0p057"],"t":85,"s":[81.683],"e":[81.727]},{"i":{"x":[0.7],"y":[0.938]},"o":{"x":[0.3],"y":[0.065]},"n":["0p7_0p938_0p3_0p065"],"t":86,"s":[81.727],"e":[81.772]},{"i":{"x":[0.7],"y":[0.943]},"o":{"x":[0.3],"y":[0.072]},"n":["0p7_0p943_0p3_0p072"],"t":87,"s":[81.772],"e":[81.812]},{"i":{"x":[0.7],"y":[0.948]},"o":{"x":[0.3],"y":[0.08]},"n":["0p7_0p948_0p3_0p08"],"t":88,"s":[81.812],"e":[81.84]},{"i":{"x":[0.7],"y":[0.959]},"o":{"x":[0.3],"y":[0.094]},"n":["0p7_0p959_0p3_0p094"],"t":89,"s":[81.84],"e":[81.856]},{"i":{"x":[0.7],"y":[1.016]},"o":{"x":[0.3],"y":[0.175]},"n":["0p7_1p016_0p3_0p175"],"t":90,"s":[81.856],"e":[81.859]},{"i":{"x":[0.7],"y":[0.899]},"o":{"x":[0.3],"y":[0.011]},"n":["0p7_0p899_0p3_0p011"],"t":91,"s":[81.859],"e":[81.854]},{"i":{"x":[0.7],"y":[0.927]},"o":{"x":[0.3],"y":[0.05]},"n":["0p7_0p927_0p3_0p05"],"t":92,"s":[81.854],"e":[81.843]},{"i":{"x":[0.7],"y":[0.997]},"o":{"x":[0.3],"y":[0.679]},"n":["0p7_0p997_0p3_0p679"],"t":93,"s":[81.843],"e":[81.812]},{"t":119}]},"y":{"a":0,"k":79.999}},"a":{"a":0,"k":[37.72,46.279,0]},"s":{"a":1,"k":[{"i":{"x":[0.833,0.833,0.833],"y":[0.942,0.942,1]},"o":{"x":[0.167,0.167,0.167],"y":[0.033,0.033,0]},"n":["0p833_0p942_0p167_0p033","0p833_0p942_0p167_0p033","0p833_1_0p167_0"],"t":51,"s":[0,0,100],"e":[3.276,3.276,100]},{"i":{"x":[0.833,0.833,0.833],"y":[0.96,0.96,1]},"o":{"x":[0.167,0.167,0.167],"y":[0.023,0.023,0]},"n":["0p833_0p96_0p167_0p023","0p833_0p96_0p167_0p023","0p833_1_0p167_0"],"t":52,"s":[3.276,3.276,100],"e":[11.371,11.371,100]},{"i":{"x":[0.833,0.833,0.833],"y":[0.963,0.963,1]},"o":{"x":[0.167,0.167,0.167],"y":[0.029,0.029,0]},"n":["0p833_0p963_0p167_0p029","0p833_0p963_0p167_0p029","0p833_1_0p167_0"],"t":53,"s":[11.371,11.371,100],"e":[22.687,22.687,100]},{"i":{"x":[0.833,0.833,0.833],"y":[0.965,0.965,1]},"o":{"x":[0.167,0.167,0.167],"y":[0.031,0.031,0]},"n":["0p833_0p965_0p167_0p031","0p833_0p965_0p167_0p031","0p833_1_0p167_0"],"t":54,"s":[22.687,22.687,100],"e":[36.294,36.294,100]},{"i":{"x":[0.833,0.833,0.833],"y":[0.965,0.965,1]},"o":{"x":[0.167,0.167,0.167],"y":[0.032,0.032,0]},"n":["0p833_0p965_0p167_0p032","0p833_0p965_0p167_0p032","0p833_1_0p167_0"],"t":55,"s":[36.294,36.294,100],"e":[51.549,51.549,100]},{"i":{"x":[0.833,0.833,0.833],"y":[0.966,0.966,1]},"o":{"x":[0.167,0.167,0.167],"y":[0.032,0.032,0]},"n":["0p833_0p966_0p167_0p032","0p833_0p966_0p167_0p032","0p833_1_0p167_0"],"t":56,"s":[51.549,51.549,100],"e":[67.903,67.903,100]},{"i":{"x":[0.833,0.833,0.833],"y":[0.968,0.968,1]},"o":{"x":[0.167,0.167,0.167],"y":[0.033,0.033,0]},"n":["0p833_0p968_0p167_0p033","0p833_0p968_0p167_0p033","0p833_1_0p167_0"],"t":57,"s":[67.903,67.903,100],"e":[84.664,84.664,100]},{"i":{"x":[0.833,0.833,0.833],"y":[0.977,0.977,1]},"o":{"x":[0.167,0.167,0.167],"y":[0.035,0.035,0]},"n":["0p833_0p977_0p167_0p035","0p833_0p977_0p167_0p035","0p833_1_0p167_0"],"t":58,"s":[84.664,84.664,100],"e":[100,100,100]},{"i":{"x":[0.833,0.833,0.833],"y":[0.974,0.974,1]},"o":{"x":[0.167,0.167,0.167],"y":[0.062,0.062,0]},"n":["0p833_0p974_0p167_0p062","0p833_0p974_0p167_0p062","0p833_1_0p167_0"],"t":59,"s":[100,100,100],"e":[105.596,105.596,100]},{"i":{"x":[0.833,0.833,0.833],"y":[0.979,0.979,1]},"o":{"x":[0.167,0.167,0.167],"y":[0.047,0.047,0]},"n":["0p833_0p979_0p167_0p047","0p833_0p979_0p167_0p047","0p833_1_0p167_0"],"t":60,"s":[105.596,105.596,100],"e":[108.655,108.655,100]},{"i":{"x":[0.833,0.833,0.833],"y":[1.008,1.008,1]},"o":{"x":[0.167,0.167,0.167],"y":[0.087,0.087,0]},"n":["0p833_1p008_0p167_0p087","0p833_1p008_0p167_0p087","0p833_1_0p167_0"],"t":61,"s":[108.655,108.655,100],"e":[109.376,109.376,100]},{"i":{"x":[0.833,0.833,0.833],"y":[0.95,0.95,1]},"o":{"x":[0.167,0.167,0.167],"y":[0.006,0.006,0]},"n":["0p833_0p95_0p167_0p006","0p833_0p95_0p167_0p006","0p833_1_0p167_0"],"t":62,"s":[109.376,109.376,100],"e":[108.299,108.299,100]},{"i":{"x":[0.833,0.833,0.833],"y":[0.963,0.963,1]},"o":{"x":[0.167,0.167,0.167],"y":[0.025,0.025,0]},"n":["0p833_0p963_0p167_0p025","0p833_0p963_0p167_0p025","0p833_1_0p167_0"],"t":63,"s":[108.299,108.299,100],"e":[106.117,106.117,100]},{"i":{"x":[0.833,0.833,0.833],"y":[0.968,0.968,1]},"o":{"x":[0.167,0.167,0.167],"y":[0.031,0.031,0]},"n":["0p833_0p968_0p167_0p031","0p833_0p968_0p167_0p031","0p833_1_0p167_0"],"t":64,"s":[106.117,106.117,100],"e":[103.515,103.515,100]},{"i":{"x":[0.833,0.833,0.833],"y":[0.97,0.97,1]},"o":{"x":[0.167,0.167,0.167],"y":[0.034,0.034,0]},"n":["0p833_0p97_0p167_0p034","0p833_0p97_0p167_0p034","0p833_1_0p167_0"],"t":65,"s":[103.515,103.515,100],"e":[101.052,101.052,100]},{"i":{"x":[0.833,0.833,0.833],"y":[0.973,0.973,1]},"o":{"x":[0.167,0.167,0.167],"y":[0.038,0.038,0]},"n":["0p833_0p973_0p167_0p038","0p833_0p973_0p167_0p038","0p833_1_0p167_0"],"t":66,"s":[101.052,101.052,100],"e":[99.109,99.109,100]},{"i":{"x":[0.833,0.833,0.833],"y":[0.976,0.976,1]},"o":{"x":[0.167,0.167,0.167],"y":[0.043,0.043,0]},"n":["0p833_0p976_0p167_0p043","0p833_0p976_0p167_0p043","0p833_1_0p167_0"],"t":67,"s":[99.109,99.109,100],"e":[97.868,97.868,100]},{"i":{"x":[0.833,0.833,0.833],"y":[0.986,0.986,1]},"o":{"x":[0.167,0.167,0.167],"y":[0.056,0.056,0]},"n":["0p833_0p986_0p167_0p056","0p833_0p986_0p167_0p056","0p833_1_0p167_0"],"t":68,"s":[97.868,97.868,100],"e":[97.341,97.341,100]},{"i":{"x":[0.833,0.833,0.833],"y":[0.873,0.873,1]},"o":{"x":[0.167,0.167,0.167],"y":[-0.102,-0.102,0]},"n":["0p833_0p873_0p167_-0p102","0p833_0p873_0p167_-0p102","0p833_1_0p167_0"],"t":69,"s":[97.341,97.341,100],"e":[97.416,97.416,100]},{"i":{"x":[0.833,0.833,0.833],"y":[0.959,0.959,1]},"o":{"x":[0.167,0.167,0.167],"y":[0.019,0.019,0]},"n":["0p833_0p959_0p167_0p019","0p833_0p959_0p167_0p019","0p833_1_0p167_0"],"t":70,"s":[97.416,97.416,100],"e":[97.908,97.908,100]},{"i":{"x":[0.833,0.833,0.833],"y":[0.966,0.966,1]},"o":{"x":[0.167,0.167,0.167],"y":[0.028,0.028,0]},"n":["0p833_0p966_0p167_0p028","0p833_0p966_0p167_0p028","0p833_1_0p167_0"],"t":71,"s":[97.908,97.908,100],"e":[98.616,98.616,100]},{"i":{"x":[0.833,0.833,0.833],"y":[0.969,0.969,1]},"o":{"x":[0.167,0.167,0.167],"y":[0.033,0.033,0]},"n":["0p833_0p969_0p167_0p033","0p833_0p969_0p167_0p033","0p833_1_0p167_0"],"t":72,"s":[98.616,98.616,100],"e":[99.359,99.359,100]},{"i":{"x":[0.833,0.833,0.833],"y":[0.971,0.971,1]},"o":{"x":[0.167,0.167,0.167],"y":[0.036,0.036,0]},"n":["0p833_0p971_0p167_0p036","0p833_0p971_0p167_0p036","0p833_1_0p167_0"],"t":73,"s":[99.359,99.359,100],"e":[100,100,100]},{"i":{"x":[0.833,0.833,0.833],"y":[0.974,0.974,1]},"o":{"x":[0.167,0.167,0.167],"y":[0.04,0.04,0]},"n":["0p833_0p974_0p167_0p04","0p833_0p974_0p167_0p04","0p833_1_0p167_0"],"t":74,"s":[100,100,100],"e":[100.459,100.459,100]},{"i":{"x":[0.833,0.833,0.833],"y":[0.979,0.979,1]},"o":{"x":[0.167,0.167,0.167],"y":[0.047,0.047,0]},"n":["0p833_0p979_0p167_0p047","0p833_0p979_0p167_0p047","0p833_1_0p167_0"],"t":75,"s":[100.459,100.459,100],"e":[100.71,100.71,100]},{"i":{"x":[0.833,0.833,0.833],"y":[1.008,1.008,1]},"o":{"x":[0.167,0.167,0.167],"y":[0.087,0.087,0]},"n":["0p833_1p008_0p167_0p087","0p833_1p008_0p167_0p087","0p833_1_0p167_0"],"t":76,"s":[100.71,100.71,100],"e":[100.77,100.77,100]},{"i":{"x":[0.833,0.833,0.833],"y":[0.95,0.95,1]},"o":{"x":[0.167,0.167,0.167],"y":[0.006,0.006,0]},"n":["0p833_0p95_0p167_0p006","0p833_0p95_0p167_0p006","0p833_1_0p167_0"],"t":77,"s":[100.77,100.77,100],"e":[100.681,100.681,100]},{"i":{"x":[0.833,0.833,0.833],"y":[0.963,0.963,1]},"o":{"x":[0.167,0.167,0.167],"y":[0.025,0.025,0]},"n":["0p833_0p963_0p167_0p025","0p833_0p963_0p167_0p025","0p833_1_0p167_0"],"t":78,"s":[100.681,100.681,100],"e":[100.502,100.502,100]},{"i":{"x":[0.833,0.833,0.833],"y":[0.968,0.968,1]},"o":{"x":[0.167,0.167,0.167],"y":[0.031,0.031,0]},"n":["0p833_0p968_0p167_0p031","0p833_0p968_0p167_0p031","0p833_1_0p167_0"],"t":79,"s":[100.502,100.502,100],"e":[100.288,100.288,100]},{"i":{"x":[0.833,0.833,0.833],"y":[0.97,0.97,1]},"o":{"x":[0.167,0.167,0.167],"y":[0.034,0.034,0]},"n":["0p833_0p97_0p167_0p034","0p833_0p97_0p167_0p034","0p833_1_0p167_0"],"t":80,"s":[100.288,100.288,100],"e":[100.086,100.086,100]},{"i":{"x":[0.833,0.833,0.833],"y":[0.973,0.973,1]},"o":{"x":[0.167,0.167,0.167],"y":[0.038,0.038,0]},"n":["0p833_0p973_0p167_0p038","0p833_0p973_0p167_0p038","0p833_1_0p167_0"],"t":81,"s":[100.086,100.086,100],"e":[99.927,99.927,100]},{"i":{"x":[0.833,0.833,0.833],"y":[0.976,0.976,1]},"o":{"x":[0.167,0.167,0.167],"y":[0.043,0.043,0]},"n":["0p833_0p976_0p167_0p043","0p833_0p976_0p167_0p043","0p833_1_0p167_0"],"t":82,"s":[99.927,99.927,100],"e":[99.825,99.825,100]},{"i":{"x":[0.833,0.833,0.833],"y":[0.986,0.986,1]},"o":{"x":[0.167,0.167,0.167],"y":[0.056,0.056,0]},"n":["0p833_0p986_0p167_0p056","0p833_0p986_0p167_0p056","0p833_1_0p167_0"],"t":83,"s":[99.825,99.825,100],"e":[99.782,99.782,100]},{"i":{"x":[0.833,0.833,0.833],"y":[0.873,0.873,1]},"o":{"x":[0.167,0.167,0.167],"y":[-0.102,-0.102,0]},"n":["0p833_0p873_0p167_-0p102","0p833_0p873_0p167_-0p102","0p833_1_0p167_0"],"t":84,"s":[99.782,99.782,100],"e":[99.788,99.788,100]},{"i":{"x":[0.833,0.833,0.833],"y":[0.959,0.959,1]},"o":{"x":[0.167,0.167,0.167],"y":[0.019,0.019,0]},"n":["0p833_0p959_0p167_0p019","0p833_0p959_0p167_0p019","0p833_1_0p167_0"],"t":85,"s":[99.788,99.788,100],"e":[99.828,99.828,100]},{"i":{"x":[0.833,0.833,0.833],"y":[0.966,0.966,1]},"o":{"x":[0.167,0.167,0.167],"y":[0.028,0.028,0]},"n":["0p833_0p966_0p167_0p028","0p833_0p966_0p167_0p028","0p833_1_0p167_0"],"t":86,"s":[99.828,99.828,100],"e":[99.886,99.886,100]},{"i":{"x":[0.833,0.833,0.833],"y":[0.969,0.969,1]},"o":{"x":[0.167,0.167,0.167],"y":[0.033,0.033,0]},"n":["0p833_0p969_0p167_0p033","0p833_0p969_0p167_0p033","0p833_1_0p167_0"],"t":87,"s":[99.886,99.886,100],"e":[99.947,99.947,100]},{"i":{"x":[0.833,0.833,0.833],"y":[0.971,0.971,1]},"o":{"x":[0.167,0.167,0.167],"y":[0.036,0.036,0]},"n":["0p833_0p971_0p167_0p036","0p833_0p971_0p167_0p036","0p833_1_0p167_0"],"t":88,"s":[99.947,99.947,100],"e":[100,100,100]},{"i":{"x":[0.833,0.833,0.833],"y":[0.974,0.974,1]},"o":{"x":[0.167,0.167,0.167],"y":[0.04,0.04,0]},"n":["0p833_0p974_0p167_0p04","0p833_0p974_0p167_0p04","0p833_1_0p167_0"],"t":89,"s":[100,100,100],"e":[100.038,100.038,100]},{"i":{"x":[0.833,0.833,0.833],"y":[0.979,0.979,1]},"o":{"x":[0.167,0.167,0.167],"y":[0.047,0.047,0]},"n":["0p833_0p979_0p167_0p047","0p833_0p979_0p167_0p047","0p833_1_0p167_0"],"t":90,"s":[100.038,100.038,100],"e":[100.058,100.058,100]},{"i":{"x":[0.833,0.833,0.833],"y":[1.008,1.008,1]},"o":{"x":[0.167,0.167,0.167],"y":[0.087,0.087,0]},"n":["0p833_1p008_0p167_0p087","0p833_1p008_0p167_0p087","0p833_1_0p167_0"],"t":91,"s":[100.058,100.058,100],"e":[100.063,100.063,100]},{"i":{"x":[0.833,0.833,0.833],"y":[0.99,0.99,1]},"o":{"x":[0.167,0.167,0.167],"y":[0.006,0.006,0]},"n":["0p833_0p99_0p167_0p006","0p833_0p99_0p167_0p006","0p833_1_0p167_0"],"t":92,"s":[100.063,100.063,100],"e":[100.056,100.056,100]},{"i":{"x":[0.833,0.833,0.833],"y":[0.967,0.967,1]},"o":{"x":[0.167,0.167,0.167],"y":[0.036,0.036,0]},"n":["0p833_0p967_0p167_0p036","0p833_0p967_0p167_0p036","0p833_1_0p167_0"],"t":93,"s":[100.056,100.056,100],"e":[100,100,100]},{"t":120}]}},"ao":0,"ef":[{"ty":5,"nm":"Scale - Overshoot","mn":"ADBE Slider Control","ix":1,"en":1,"ef":[{"ty":0,"nm":"Slider","mn":"ADBE Slider Control-0001","ix":1,"v":{"a":0,"k":10,"x":"var $bm_rt;\n$bm_rt = clamp(value, 0, 100);"}}]},{"ty":5,"nm":"Scale - Bounce","mn":"ADBE Slider Control","ix":2,"en":1,"ef":[{"ty":0,"nm":"Slider","mn":"ADBE Slider Control-0001","ix":1,"v":{"a":0,"k":40,"x":"var $bm_rt;\n$bm_rt = clamp(value, 0, 100);"}}]},{"ty":5,"nm":"Scale - Friction","mn":"ADBE Slider Control","ix":3,"en":1,"ef":[{"ty":0,"nm":"Slider","mn":"ADBE Slider Control-0001","ix":1,"v":{"a":0,"k":100,"x":"var $bm_rt;\n$bm_rt = clamp(value, 0, 100);"}}]},{"ty":5,"nm":"Position - Overshoot","mn":"ADBE Slider Control","ix":4,"en":1,"ef":[{"ty":0,"nm":"Slider","mn":"ADBE Slider Control-0001","ix":1,"v":{"a":0,"k":10,"x":"var $bm_rt;\n$bm_rt = clamp(value, 0, 100);"}}]},{"ty":5,"nm":"Position - Bounce","mn":"ADBE Slider Control","ix":5,"en":1,"ef":[{"ty":0,"nm":"Slider","mn":"ADBE Slider Control-0001","ix":1,"v":{"a":0,"k":40,"x":"var $bm_rt;\n$bm_rt = clamp(value, 0, 100);"}}]},{"ty":5,"nm":"Position - Friction","mn":"ADBE Slider Control","ix":6,"en":1,"ef":[{"ty":0,"nm":"Slider","mn":"ADBE Slider Control-0001","ix":1,"v":{"a":0,"k":100,"x":"var $bm_rt;\n$bm_rt = clamp(value, 0, 100);"}}]},{"ty":5,"nm":"Rotation - Overshoot","mn":"ADBE Slider Control","ix":7,"en":1,"ef":[{"ty":0,"nm":"Slider","mn":"ADBE Slider Control-0001","ix":1,"v":{"a":0,"k":10,"x":"var $bm_rt;\n$bm_rt = clamp(value, 0, 100);"}}]},{"ty":5,"nm":"Rotation - Bounce","mn":"ADBE Slider Control","ix":8,"en":1,"ef":[{"ty":0,"nm":"Slider","mn":"ADBE Slider Control-0001","ix":1,"v":{"a":0,"k":40,"x":"var $bm_rt;\n$bm_rt = clamp(value, 0, 100);"}}]},{"ty":5,"nm":"Rotation - Friction","mn":"ADBE Slider Control","ix":9,"en":1,"ef":[{"ty":0,"nm":"Slider","mn":"ADBE Slider Control-0001","ix":1,"v":{"a":0,"k":100,"x":"var $bm_rt;\n$bm_rt = clamp(value, 0, 100);"}}]}],"shapes":[{"ty":"gr","it":[{"ind":0,"ty":"sh","ix":1,"ks":{"a":0,"k":{"i":[[0.072,0],[0.791,0.288],[-0.072,0.073],[0,0],[-27.186,-7.479],[0,15.032]],"o":[[0.072,0],[-0.648,0.216],[0,0],[0,15.392],[27.114,-7.479],[0.072,-7.623]],"v":[[30.206,-26.682],[0,-38.837],[-30.206,-27.258],[-30.206,-5.035],[0,38.837],[30.206,-5.035]],"c":true}},"nm":"Path 1","mn":"ADBE Vector Shape - Group"},{"ty":"fl","c":{"a":0,"k":[0.055,0.659,0.427,1]},"o":{"a":0,"k":100},"r":1,"nm":"Fill 1","mn":"ADBE Vector Graphic - Fill"},{"ty":"tr","p":{"a":0,"k":[37.648,46.279],"ix":2},"a":{"a":0,"k":[0,0],"ix":1},"s":{"a":0,"k":[100,100],"ix":3},"r":{"a":0,"k":0,"ix":6},"o":{"a":0,"k":100,"ix":7},"sk":{"a":0,"k":0,"ix":4},"sa":{"a":0,"k":0,"ix":5},"nm":"Transform"}],"nm":"Group 1","np":2,"cix":2,"ix":1,"mn":"ADBE Vector Group"},{"ty":"gr","it":[{"ind":0,"ty":"sh","ix":1,"ks":{"a":0,"k":{"i":[[0,0],[0.934,0.36],[-0.072,0],[0,0],[-32.149,-8.918],[0,17.908]],"o":[[0.071,0],[-0.72,0.288],[0,0],[0,18.339],[32.076,-8.918],[0.072,-9.062]],"v":[[37.399,-31.645],[0.001,-46.029],[-37.398,-31.645],[-37.398,-5.178],[0.001,46.029],[37.327,-5.178]],"c":true}},"nm":"Path 1","mn":"ADBE Vector Shape - Group"},{"ty":"fl","c":{"a":0,"k":[0.431,0.839,0.604,1]},"o":{"a":0,"k":100},"r":1,"nm":"Fill 1","mn":"ADBE Vector Graphic - Fill"},{"ty":"tr","p":{"a":0,"k":[37.72,46.279],"ix":2},"a":{"a":0,"k":[0,0],"ix":1},"s":{"a":0,"k":[100,100],"ix":3},"r":{"a":0,"k":0,"ix":6},"o":{"a":0,"k":100,"ix":7},"sk":{"a":0,"k":0,"ix":4},"sa":{"a":0,"k":0,"ix":5},"nm":"Transform"}],"nm":"Group 2","np":2,"cix":2,"ix":2,"mn":"ADBE Vector Group"}],"ip":51,"op":121,"st":51,"bm":0,"sr":1},{"ddd":0,"ind":6,"ty":4,"nm":"Path","ks":{"o":{"a":0,"k":100},"r":{"a":0,"k":0},"p":{"a":0,"k":[80,80,0]},"a":{"a":0,"k":[0,0,0]},"s":{"a":0,"k":[100,100,100]}},"ao":0,"shapes":[{"ty":"gr","it":[{"ind":0,"ty":"sh","ix":1,"ks":{"a":0,"k":{"i":[[0,0],[-41.75,35.5]],"o":[[0,0],[16.76,-14.251]],"v":[[-60.5,-0.75],[2,-43]],"c":false}},"nm":"Path 1","mn":"ADBE Vector Shape - Group"},{"ty":"st","c":{"a":0,"k":[1,1,1,1]},"o":{"a":0,"k":100},"w":{"a":0,"k":2},"lc":1,"lj":1,"ml":4,"nm":"Stroke 1","mn":"ADBE Vector Graphic - Stroke"},{"ty":"tr","p":{"a":0,"k":[0,0],"ix":2},"a":{"a":0,"k":[0,0],"ix":1},"s":{"a":0,"k":[100,100],"ix":3},"r":{"a":0,"k":0,"ix":6},"o":{"a":0,"k":100,"ix":7},"sk":{"a":0,"k":0,"ix":4},"sa":{"a":0,"k":0,"ix":5},"nm":"Transform"}],"nm":"Shape 1","np":3,"cix":2,"ix":1,"mn":"ADBE Vector Group"},{"ty":"tm","s":{"a":1,"k":[{"i":{"x":[0.833],"y":[0.833]},"o":{"x":[0.167],"y":[0.167]},"n":["0p833_0p833_0p167_0p167"],"t":58,"s":[0],"e":[100]},{"t":67}],"ix":1},"e":{"a":1,"k":[{"i":{"x":[0.833],"y":[0.833]},"o":{"x":[0.167],"y":[0.167]},"n":["0p833_0p833_0p167_0p167"],"t":54,"s":[0],"e":[100]},{"t":63}],"ix":2},"o":{"a":0,"k":0,"ix":3},"m":1,"ix":2,"nm":"Trim Paths 1","mn":"ADBE Vector Filter - Trim"}],"ip":54,"op":68,"st":54,"bm":0,"sr":1},{"ddd":0,"ind":7,"ty":4,"nm":"Path","ks":{"o":{"a":0,"k":100},"r":{"a":0,"k":0},"p":{"a":0,"k":[80,80,0]},"a":{"a":0,"k":[0,0,0]},"s":{"a":0,"k":[100,100,100]}},"ao":0,"shapes":[{"ty":"gr","it":[{"ind":0,"ty":"sh","ix":1,"ks":{"a":0,"k":{"i":[[0,0],[-30.5,-31.25]],"o":[[0,0],[16.449,16.854]],"v":[[-60.5,-0.75],[1.75,41.5]],"c":false}},"nm":"Path 1","mn":"ADBE Vector Shape - Group"},{"ty":"st","c":{"a":0,"k":[1,1,1,1]},"o":{"a":0,"k":100},"w":{"a":0,"k":2},"lc":1,"lj":1,"ml":4,"nm":"Stroke 1","mn":"ADBE Vector Graphic - Stroke"},{"ty":"tr","p":{"a":0,"k":[0,0],"ix":2},"a":{"a":0,"k":[0,0],"ix":1},"s":{"a":0,"k":[100,100],"ix":3},"r":{"a":0,"k":0,"ix":6},"o":{"a":0,"k":100,"ix":7},"sk":{"a":0,"k":0,"ix":4},"sa":{"a":0,"k":0,"ix":5},"nm":"Transform"}],"nm":"Shape 1","np":3,"cix":2,"ix":1,"mn":"ADBE Vector Group"},{"ty":"tm","s":{"a":1,"k":[{"i":{"x":[0.833],"y":[0.833]},"o":{"x":[0.167],"y":[0.167]},"n":["0p833_0p833_0p167_0p167"],"t":58,"s":[0],"e":[100]},{"t":67}],"ix":1},"e":{"a":1,"k":[{"i":{"x":[0.833],"y":[0.833]},"o":{"x":[0.167],"y":[0.167]},"n":["0p833_0p833_0p167_0p167"],"t":54,"s":[0],"e":[100]},{"t":63}],"ix":2},"o":{"a":0,"k":0,"ix":3},"m":1,"ix":2,"nm":"Trim Paths 1","mn":"ADBE Vector Filter - Trim"}],"ip":54,"op":68,"st":54,"bm":0,"sr":1},{"ddd":0,"ind":8,"ty":4,"nm":"Star 2","parent":9,"ks":{"o":{"a":0,"k":100},"r":{"a":0,"k":0},"p":{"s":true,"x":{"a":0,"k":37.782},"y":{"a":0,"k":42.719}},"a":{"a":0,"k":[14.742,13.951,0]},"s":{"a":0,"k":[100,100,100]}},"ao":0,"ef":[{"ty":5,"nm":"Rotation - Overshoot","mn":"ADBE Slider Control","ix":1,"en":1,"ef":[{"ty":0,"nm":"Slider","mn":"ADBE Slider Control-0001","ix":1,"v":{"a":0,"k":10,"x":"var $bm_rt;\n$bm_rt = clamp(value, 0, 100);"}}]},{"ty":5,"nm":"Rotation - Bounce","mn":"ADBE Slider Control","ix":2,"en":1,"ef":[{"ty":0,"nm":"Slider","mn":"ADBE Slider Control-0001","ix":1,"v":{"a":0,"k":40,"x":"var $bm_rt;\n$bm_rt = clamp(value, 0, 100);"}}]},{"ty":5,"nm":"Rotation - Friction","mn":"ADBE Slider Control","ix":3,"en":1,"ef":[{"ty":0,"nm":"Slider","mn":"ADBE Slider Control-0001","ix":1,"v":{"a":0,"k":100,"x":"var $bm_rt;\n$bm_rt = clamp(value, 0, 100);"}}]},{"ty":5,"nm":"X Position - Overshoot","mn":"ADBE Slider Control","ix":4,"en":1,"ef":[{"ty":0,"nm":"Slider","mn":"ADBE Slider Control-0001","ix":1,"v":{"a":0,"k":10,"x":"var $bm_rt;\n$bm_rt = clamp(value, 0, 100);"}}]},{"ty":5,"nm":"X Position - Bounce","mn":"ADBE Slider Control","ix":5,"en":1,"ef":[{"ty":0,"nm":"Slider","mn":"ADBE Slider Control-0001","ix":1,"v":{"a":0,"k":40,"x":"var $bm_rt;\n$bm_rt = clamp(value, 0, 100);"}}]},{"ty":5,"nm":"X Position - Friction","mn":"ADBE Slider Control","ix":6,"en":1,"ef":[{"ty":0,"nm":"Slider","mn":"ADBE Slider Control-0001","ix":1,"v":{"a":0,"k":100,"x":"var $bm_rt;\n$bm_rt = clamp(value, 0, 100);"}}]}],"shapes":[{"ty":"gr","it":[{"ind":0,"ty":"sh","ix":1,"ks":{"a":0,"k":{"i":[[0.287,0.719],[0.791,0.144],[0,0],[0,0],[0.791,0],[0.359,-0.72],[0,0],[0,0],[0.215,-0.719],[-0.575,-0.504],[0,0],[0,0],[-0.647,-0.432],[-0.432,0],[-0.288,0.143],[0,0],[0,0],[-0.36,0],[-0.359,0.216],[0.143,0.719],[0,0],[0,0]],"o":[[-0.216,-0.719],[0,0],[0,0],[-0.36,-0.719],[-0.791,0],[0,0],[0,0],[-0.791,0.144],[-0.216,0.719],[0,0],[0,0],[-0.144,0.719],[0.36,0.216],[0.36,0],[0,0],[0,0],[0.288,0.143],[0.431,0],[0.648,-0.432],[0,0],[0,0],[0.431,-0.576]],"v":[[14.204,-3.488],[12.55,-4.855],[5.07,-5.932],[1.835,-12.549],[-0.036,-13.701],[-1.906,-12.549],[-5.143,-5.932],[-12.622,-4.855],[-14.275,-3.488],[-13.773,-1.474],[-8.307,3.921],[-9.602,11.4],[-8.738,13.342],[-7.516,13.701],[-6.508,13.486],[0.035,10.034],[6.581,13.486],[7.587,13.701],[8.809,13.342],[9.673,11.4],[8.378,3.921],[13.844,-1.474]],"c":true}},"nm":"Path 1","mn":"ADBE Vector Shape - Group"},{"ty":"fl","c":{"a":0,"k":[0.431,0.839,0.604,1]},"o":{"a":0,"k":100},"r":1,"nm":"Fill 1","mn":"ADBE Vector Graphic - Fill"},{"ty":"tr","p":{"a":0,"k":[14.741,13.951],"ix":2},"a":{"a":0,"k":[0,0],"ix":1},"s":{"a":0,"k":[100,100],"ix":3},"r":{"a":0,"k":0,"ix":6},"o":{"a":0,"k":100,"ix":7},"sk":{"a":0,"k":0,"ix":4},"sa":{"a":0,"k":0,"ix":5},"nm":"Transform"}],"nm":"Group 1","np":2,"cix":2,"ix":1,"mn":"ADBE Vector Group"}],"ip":0,"op":63,"st":-77,"bm":0,"sr":1},{"ddd":0,"ind":9,"ty":4,"nm":"Main 2","ks":{"o":{"a":0,"k":100},"r":{"a":1,"k":[{"i":{"x":[0.833],"y":[1660.483]},"o":{"x":[0.167],"y":[0.033]},"n":["0p833_1660p483_0p167_0p033"],"t":49,"s":[0],"e":[0]},{"i":{"x":[0.833],"y":[0.967]},"o":{"x":[0.167],"y":[0.017]},"n":["0p833_0p967_0p167_0p017"],"t":50,"s":[0],"e":[6.1]},{"i":{"x":[0.833],"y":[0.967]},"o":{"x":[0.167],"y":[0.033]},"n":["0p833_0p967_0p167_0p033"],"t":51,"s":[6.1],"e":[12.2]},{"i":{"x":[0.833],"y":[0.967]},"o":{"x":[0.167],"y":[0.033]},"n":["0p833_0p967_0p167_0p033"],"t":52,"s":[12.2],"e":[18.3]},{"i":{"x":[0.833],"y":[0.967]},"o":{"x":[0.167],"y":[0.033]},"n":["0p833_0p967_0p167_0p033"],"t":53,"s":[18.3],"e":[24.4]},{"i":{"x":[0.833],"y":[0.967]},"o":{"x":[0.167],"y":[0.033]},"n":["0p833_0p967_0p167_0p033"],"t":54,"s":[24.4],"e":[30.5]},{"i":{"x":[0.833],"y":[0.967]},"o":{"x":[0.167],"y":[0.033]},"n":["0p833_0p967_0p167_0p033"],"t":55,"s":[30.5],"e":[36.6]},{"i":{"x":[0.833],"y":[0.967]},"o":{"x":[0.167],"y":[0.033]},"n":["0p833_0p967_0p167_0p033"],"t":56,"s":[36.6],"e":[42.7]},{"i":{"x":[0.833],"y":[0.967]},"o":{"x":[0.167],"y":[0.033]},"n":["0p833_0p967_0p167_0p033"],"t":57,"s":[42.7],"e":[48.8]},{"i":{"x":[0.833],"y":[0.967]},"o":{"x":[0.167],"y":[0.033]},"n":["0p833_0p967_0p167_0p033"],"t":58,"s":[48.8],"e":[54.9]},{"i":{"x":[0.833],"y":[0.967]},"o":{"x":[0.167],"y":[0.033]},"n":["0p833_0p967_0p167_0p033"],"t":59,"s":[54.9],"e":[61]},{"t":60}]},"p":{"s":true,"x":{"a":1,"k":[{"i":{"x":[0.7],"y":[5959.084]},"o":{"x":[0.3],"y":[0.111]},"n":["0p7_5959p084_0p3_0p111"],"t":49,"s":[81.812],"e":[81.812]},{"i":{"x":[0.7],"y":[0.933]},"o":{"x":[0.3],"y":[0.033]},"n":["0p7_0p933_0p3_0p033"],"t":50,"s":[81.812],"e":[88.212]},{"i":{"x":[0.7],"y":[0.933]},"o":{"x":[0.3],"y":[0.067]},"n":["0p7_0p933_0p3_0p067"],"t":51,"s":[88.212],"e":[94.613]},{"i":{"x":[0.7],"y":[0.933]},"o":{"x":[0.3],"y":[0.067]},"n":["0p7_0p933_0p3_0p067"],"t":52,"s":[94.613],"e":[101.017]},{"i":{"x":[0.7],"y":[0.933]},"o":{"x":[0.3],"y":[0.067]},"n":["0p7_0p933_0p3_0p067"],"t":53,"s":[101.017],"e":[107.412]},{"i":{"x":[0.7],"y":[0.933]},"o":{"x":[0.3],"y":[0.067]},"n":["0p7_0p933_0p3_0p067"],"t":54,"s":[107.412],"e":[113.812]},{"i":{"x":[0.7],"y":[0.933]},"o":{"x":[0.3],"y":[0.067]},"n":["0p7_0p933_0p3_0p067"],"t":55,"s":[113.812],"e":[120.212]},{"i":{"x":[0.7],"y":[0.933]},"o":{"x":[0.3],"y":[0.067]},"n":["0p7_0p933_0p3_0p067"],"t":56,"s":[120.212],"e":[126.606]},{"i":{"x":[0.7],"y":[0.933]},"o":{"x":[0.3],"y":[0.067]},"n":["0p7_0p933_0p3_0p067"],"t":57,"s":[126.606],"e":[133.012]},{"i":{"x":[0.7],"y":[0.933]},"o":{"x":[0.3],"y":[0.067]},"n":["0p7_0p933_0p3_0p067"],"t":58,"s":[133.012],"e":[139.412]},{"i":{"x":[0.7],"y":[0.967]},"o":{"x":[0.3],"y":[0.067]},"n":["0p7_0p967_0p3_0p067"],"t":59,"s":[139.412],"e":[145.812]},{"t":60}]},"y":{"a":0,"k":79.999}},"a":{"a":0,"k":[37.72,46.279,0]},"s":{"a":1,"k":[{"i":{"x":[0.833,0.833,0.833],"y":[0.967,0.967,1]},"o":{"x":[0.167,0.167,0.167],"y":[0.033,0.033,0]},"n":["0p833_0p967_0p167_0p033","0p833_0p967_0p167_0p033","0p833_1_0p167_0"],"t":50,"s":[100,100,100],"e":[90,90,100]},{"i":{"x":[0.833,0.833,0.833],"y":[0.967,0.967,1]},"o":{"x":[0.167,0.167,0.167],"y":[0.033,0.033,0]},"n":["0p833_0p967_0p167_0p033","0p833_0p967_0p167_0p033","0p833_1_0p167_0"],"t":51,"s":[90,90,100],"e":[80,80,100]},{"i":{"x":[0.833,0.833,0.833],"y":[0.967,0.967,1]},"o":{"x":[0.167,0.167,0.167],"y":[0.033,0.033,0]},"n":["0p833_0p967_0p167_0p033","0p833_0p967_0p167_0p033","0p833_1_0p167_0"],"t":52,"s":[80,80,100],"e":[70,70,100]},{"i":{"x":[0.833,0.833,0.833],"y":[0.967,0.967,1]},"o":{"x":[0.167,0.167,0.167],"y":[0.033,0.033,0]},"n":["0p833_0p967_0p167_0p033","0p833_0p967_0p167_0p033","0p833_1_0p167_0"],"t":53,"s":[70,70,100],"e":[60,60,100]},{"i":{"x":[0.833,0.833,0.833],"y":[0.967,0.967,1]},"o":{"x":[0.167,0.167,0.167],"y":[0.033,0.033,0]},"n":["0p833_0p967_0p167_0p033","0p833_0p967_0p167_0p033","0p833_1_0p167_0"],"t":54,"s":[60,60,100],"e":[50,50,100]},{"i":{"x":[0.833,0.833,0.833],"y":[0.967,0.967,1]},"o":{"x":[0.167,0.167,0.167],"y":[0.033,0.033,0]},"n":["0p833_0p967_0p167_0p033","0p833_0p967_0p167_0p033","0p833_1_0p167_0"],"t":55,"s":[50,50,100],"e":[40,40,100]},{"i":{"x":[0.833,0.833,0.833],"y":[0.967,0.967,1]},"o":{"x":[0.167,0.167,0.167],"y":[0.033,0.033,0]},"n":["0p833_0p967_0p167_0p033","0p833_0p967_0p167_0p033","0p833_1_0p167_0"],"t":56,"s":[40,40,100],"e":[30,30,100]},{"i":{"x":[0.833,0.833,0.833],"y":[0.967,0.967,1]},"o":{"x":[0.167,0.167,0.167],"y":[0.033,0.033,0]},"n":["0p833_0p967_0p167_0p033","0p833_0p967_0p167_0p033","0p833_1_0p167_0"],"t":57,"s":[30,30,100],"e":[20,20,100]},{"i":{"x":[0.833,0.833,0.833],"y":[0.967,0.967,1]},"o":{"x":[0.167,0.167,0.167],"y":[0.033,0.033,0]},"n":["0p833_0p967_0p167_0p033","0p833_0p967_0p167_0p033","0p833_1_0p167_0"],"t":58,"s":[20,20,100],"e":[10,10,100]},{"i":{"x":[0.833,0.833,0.833],"y":[0.967,0.967,1]},"o":{"x":[0.167,0.167,0.167],"y":[0.033,0.033,0]},"n":["0p833_0p967_0p167_0p033","0p833_0p967_0p167_0p033","0p833_1_0p167_0"],"t":59,"s":[10,10,100],"e":[0,0,100]},{"t":60}]}},"ao":0,"ef":[{"ty":5,"nm":"Scale - Overshoot","mn":"ADBE Slider Control","ix":1,"en":1,"ef":[{"ty":0,"nm":"Slider","mn":"ADBE Slider Control-0001","ix":1,"v":{"a":0,"k":10,"x":"var $bm_rt;\n$bm_rt = clamp(value, 0, 100);"}}]},{"ty":5,"nm":"Scale - Bounce","mn":"ADBE Slider Control","ix":2,"en":1,"ef":[{"ty":0,"nm":"Slider","mn":"ADBE Slider Control-0001","ix":1,"v":{"a":0,"k":40,"x":"var $bm_rt;\n$bm_rt = clamp(value, 0, 100);"}}]},{"ty":5,"nm":"Scale - Friction","mn":"ADBE Slider Control","ix":3,"en":1,"ef":[{"ty":0,"nm":"Slider","mn":"ADBE Slider Control-0001","ix":1,"v":{"a":0,"k":100,"x":"var $bm_rt;\n$bm_rt = clamp(value, 0, 100);"}}]},{"ty":5,"nm":"Position - Overshoot","mn":"ADBE Slider Control","ix":4,"en":1,"ef":[{"ty":0,"nm":"Slider","mn":"ADBE Slider Control-0001","ix":1,"v":{"a":0,"k":10,"x":"var $bm_rt;\n$bm_rt = clamp(value, 0, 100);"}}]},{"ty":5,"nm":"Position - Bounce","mn":"ADBE Slider Control","ix":5,"en":1,"ef":[{"ty":0,"nm":"Slider","mn":"ADBE Slider Control-0001","ix":1,"v":{"a":0,"k":40,"x":"var $bm_rt;\n$bm_rt = clamp(value, 0, 100);"}}]},{"ty":5,"nm":"Position - Friction","mn":"ADBE Slider Control","ix":6,"en":1,"ef":[{"ty":0,"nm":"Slider","mn":"ADBE Slider Control-0001","ix":1,"v":{"a":0,"k":100,"x":"var $bm_rt;\n$bm_rt = clamp(value, 0, 100);"}}]},{"ty":5,"nm":"Rotation - Overshoot","mn":"ADBE Slider Control","ix":7,"en":1,"ef":[{"ty":0,"nm":"Slider","mn":"ADBE Slider Control-0001","ix":1,"v":{"a":0,"k":10,"x":"var $bm_rt;\n$bm_rt = clamp(value, 0, 100);"}}]},{"ty":5,"nm":"Rotation - Bounce","mn":"ADBE Slider Control","ix":8,"en":1,"ef":[{"ty":0,"nm":"Slider","mn":"ADBE Slider Control-0001","ix":1,"v":{"a":0,"k":40,"x":"var $bm_rt;\n$bm_rt = clamp(value, 0, 100);"}}]},{"ty":5,"nm":"Rotation - Friction","mn":"ADBE Slider Control","ix":9,"en":1,"ef":[{"ty":0,"nm":"Slider","mn":"ADBE Slider Control-0001","ix":1,"v":{"a":0,"k":100,"x":"var $bm_rt;\n$bm_rt = clamp(value, 0, 100);"}}]}],"shapes":[{"ty":"gr","it":[{"ind":0,"ty":"sh","ix":1,"ks":{"a":0,"k":{"i":[[0.072,0],[0.791,0.288],[-0.072,0.073],[0,0],[-27.186,-7.479],[0,15.032]],"o":[[0.072,0],[-0.648,0.216],[0,0],[0,15.392],[27.114,-7.479],[0.072,-7.623]],"v":[[30.206,-26.682],[0,-38.837],[-30.206,-27.258],[-30.206,-5.035],[0,38.837],[30.206,-5.035]],"c":true}},"nm":"Path 1","mn":"ADBE Vector Shape - Group"},{"ty":"fl","c":{"a":0,"k":[0.055,0.659,0.427,1]},"o":{"a":0,"k":100},"r":1,"nm":"Fill 1","mn":"ADBE Vector Graphic - Fill"},{"ty":"tr","p":{"a":0,"k":[37.648,46.279],"ix":2},"a":{"a":0,"k":[0,0],"ix":1},"s":{"a":0,"k":[100,100],"ix":3},"r":{"a":0,"k":0,"ix":6},"o":{"a":0,"k":100,"ix":7},"sk":{"a":0,"k":0,"ix":4},"sa":{"a":0,"k":0,"ix":5},"nm":"Transform"}],"nm":"Group 1","np":2,"cix":2,"ix":1,"mn":"ADBE Vector Group"},{"ty":"gr","it":[{"ind":0,"ty":"sh","ix":1,"ks":{"a":0,"k":{"i":[[0,0],[0.934,0.36],[-0.072,0],[0,0],[-32.149,-8.918],[0,17.908]],"o":[[0.071,0],[-0.72,0.288],[0,0],[0,18.339],[32.076,-8.918],[0.072,-9.062]],"v":[[37.399,-31.645],[0.001,-46.029],[-37.398,-31.645],[-37.398,-5.178],[0.001,46.029],[37.327,-5.178]],"c":true}},"nm":"Path 1","mn":"ADBE Vector Shape - Group"},{"ty":"fl","c":{"a":0,"k":[0.431,0.839,0.604,1]},"o":{"a":0,"k":100},"r":1,"nm":"Fill 1","mn":"ADBE Vector Graphic - Fill"},{"ty":"tr","p":{"a":0,"k":[37.72,46.279],"ix":2},"a":{"a":0,"k":[0,0],"ix":1},"s":{"a":0,"k":[100,100],"ix":3},"r":{"a":0,"k":0,"ix":6},"o":{"a":0,"k":100,"ix":7},"sk":{"a":0,"k":0,"ix":4},"sa":{"a":0,"k":0,"ix":5},"nm":"Transform"}],"nm":"Group 2","np":2,"cix":2,"ix":2,"mn":"ADBE Vector Group"}],"ip":0,"op":63,"st":-77,"bm":0,"sr":1},{"ddd":0,"ind":10,"ty":4,"nm":"Layer 5 Outlines","ks":{"o":{"a":0,"k":100},"r":{"a":0,"k":0},"p":{"a":0,"k":[80,80,0]},"a":{"a":0,"k":[78.25,78.25,0]},"s":{"a":0,"k":[100,100,100]}},"ao":0,"shapes":[{"ty":"gr","it":[{"ind":0,"ty":"sh","ix":1,"ks":{"a":0,"k":{"i":[[0,-43.078],[43.078,0],[0,43.078],[-43.078,0]],"o":[[0,43.078],[-43.078,0],[0,-43.078],[43.078,0]],"v":[[78,0],[0,78],[-78,0],[0,-78]],"c":true}},"nm":"Path 1","mn":"ADBE Vector Shape - Group"},{"ty":"fl","c":{"a":0,"k":[0.725,0.957,0.737,1]},"o":{"a":0,"k":100},"r":1,"nm":"Fill 1","mn":"ADBE Vector Graphic - Fill"},{"ty":"tr","p":{"a":0,"k":[78.25,78.25],"ix":2},"a":{"a":0,"k":[0,0],"ix":1},"s":{"a":0,"k":[100,100],"ix":3},"r":{"a":0,"k":0,"ix":6},"o":{"a":0,"k":100,"ix":7},"sk":{"a":0,"k":0,"ix":4},"sa":{"a":0,"k":0,"ix":5},"nm":"Transform"}],"nm":"Group 1","np":2,"cix":2,"ix":1,"mn":"ADBE Vector Group"}],"ip":0,"op":121,"st":0,"bm":0,"sr":1}]}