﻿{"v":"5.7.1","fr":30,"ip":0,"op":200,"w":320,"h":190,"nm":"session_timeout","ddd":0,"assets":[],"layers":[{"ddd":0,"ind":1,"ty":4,"nm":"clock","sr":1,"ks":{"o":{"a":0,"k":100,"ix":11},"r":{"a":0,"k":0,"ix":10},"p":{"a":0,"k":[160,95,0],"ix":2},"a":{"a":0,"k":[160,95,0],"ix":1},"s":{"a":0,"k":[100,100,100],"ix":6}},"ao":0,"shapes":[{"ty":"gr","it":[{"ty":"gr","it":[{"ty":"gr","it":[{"ind":0,"ty":"sh","ix":1,"ks":{"a":0,"k":{"i":[[-0.552,0],[0,-0.552],[0.552,0],[0,0.552]],"o":[[0.552,0],[0,0.552],[-0.552,0],[0,-0.552]],"v":[[0,-1],[1,0],[0,1],[-1,0]],"c":true},"ix":2},"nm":"Path 1","mn":"ADBE Vector Shape - Group","hd":false},{"ty":"fl","c":{"a":0,"k":[1,1,1,1],"ix":4},"o":{"a":0,"k":100,"ix":5},"r":1,"bm":0,"nm":"Fill 1","mn":"ADBE Vector Graphic - Fill","hd":false},{"ty":"tr","p":{"a":0,"k":[44,34],"ix":2},"a":{"a":0,"k":[0,0],"ix":1},"s":{"a":0,"k":[100,100],"ix":3},"r":{"a":0,"k":0,"ix":6},"o":{"a":0,"k":100,"ix":7},"sk":{"a":0,"k":0,"ix":4},"sa":{"a":0,"k":0,"ix":5},"nm":"Transform"}],"nm":"Group 1","np":2,"cix":2,"bm":0,"ix":1,"mn":"ADBE Vector Group","hd":false},{"ty":"gr","it":[{"ind":0,"ty":"sh","ix":1,"ks":{"a":0,"k":{"i":[[-1.657,0],[0,-1.657],[1.657,0],[0,1.657]],"o":[[1.657,0],[0,1.657],[-1.657,0],[0,-1.657]],"v":[[0,-3],[3,0],[0,3],[-3,0]],"c":true},"ix":2},"nm":"Path 1","mn":"ADBE Vector Shape - Group","hd":false},{"ty":"fl","c":{"a":0,"k":[0.497999991623,0.497999991623,0.541000007181,1],"ix":4},"o":{"a":0,"k":100,"ix":5},"r":1,"bm":0,"nm":"Fill 1","mn":"ADBE Vector Graphic - Fill","hd":false},{"ty":"tr","p":{"a":0,"k":[44,34],"ix":2},"a":{"a":0,"k":[0,0],"ix":1},"s":{"a":0,"k":[100,100],"ix":3},"r":{"a":0,"k":0,"ix":6},"o":{"a":0,"k":100,"ix":7},"sk":{"a":0,"k":0,"ix":4},"sa":{"a":0,"k":0,"ix":5},"nm":"Transform"}],"nm":"Group 2","np":2,"cix":2,"bm":0,"ix":2,"mn":"ADBE Vector Group","hd":false},{"ty":"gr","it":[{"ind":0,"ty":"sh","ix":1,"ks":{"a":0,"k":{"i":[[0,0],[0,0],[0,0],[0,0]],"o":[[0,0],[0,0],[0,0],[0,0]],"v":[[-1,-9],[1,-9],[1,9],[-1,9]],"c":true},"ix":2},"nm":"Path 1","mn":"ADBE Vector Shape - Group","hd":false},{"ty":"fl","c":{"a":0,"k":[0.497999991623,0.497999991623,0.541000007181,1],"ix":4},"o":{"a":0,"k":100,"ix":5},"r":1,"bm":0,"nm":"Fill 1","mn":"ADBE Vector Graphic - Fill","hd":false},{"ty":"tr","p":{"a":0,"k":[44,23],"ix":2},"a":{"a":0,"k":[0,0],"ix":1},"s":{"a":0,"k":[100,100],"ix":3},"r":{"a":0,"k":0,"ix":6},"o":{"a":0,"k":100,"ix":7},"sk":{"a":0,"k":0,"ix":4},"sa":{"a":0,"k":0,"ix":5},"nm":"Transform"}],"nm":"Group 3","np":2,"cix":2,"bm":0,"ix":3,"mn":"ADBE Vector Group","hd":false},{"ty":"gr","it":[{"ind":0,"ty":"sh","ix":1,"ks":{"a":0,"k":{"i":[[0,0],[0,0],[0,0],[0,0]],"o":[[0,0],[0,0],[0,0],[0,0]],"v":[[-117,-41],[-115,-41],[-115,-59],[-117,-59]],"c":true},"ix":2},"nm":"Path 3","mn":"ADBE Vector Shape - Group","hd":false},{"ty":"fl","c":{"a":0,"k":[0.497999991623,0.497999991623,0.541000007181,1],"ix":4},"o":{"a":0,"k":100,"ix":5},"r":1,"bm":0,"nm":"Fill 1","mn":"ADBE Vector Graphic - Fill","hd":false},{"ty":"tr","p":{"a":0,"k":[160,95],"ix":2},"a":{"a":0,"k":[0,0],"ix":1},"s":{"a":0,"k":[100,100],"ix":3},"r":{"a":0,"k":0,"ix":6},"o":{"a":0,"k":0,"ix":7},"sk":{"a":0,"k":0,"ix":4},"sa":{"a":0,"k":0,"ix":5},"nm":"Transform"}],"nm":"Group 4","np":2,"cix":2,"bm":0,"ix":4,"mn":"ADBE Vector Group","hd":false},{"ty":"tr","p":{"a":0,"k":[44,34],"ix":2},"a":{"a":0,"k":[44,34],"ix":1},"s":{"a":0,"k":[100,100],"ix":3},"r":{"a":1,"k":[{"i":{"x":[0.667],"y":[0.21]},"o":{"x":[0.333],"y":[0]},"t":15,"s":[0]},{"i":{"x":[0.667],"y":[1]},"o":{"x":[0.333],"y":[0.309]},"t":35,"s":[-65.725]},{"t":70,"s":[-360]}],"ix":6},"o":{"a":0,"k":100,"ix":7},"sk":{"a":0,"k":0,"ix":4},"sa":{"a":0,"k":0,"ix":5},"nm":"Transform"}],"nm":"meter","np":4,"cix":2,"bm":0,"ix":1,"mn":"ADBE Vector Group","hd":false},{"ty":"gr","it":[{"ind":0,"ty":"sh","ix":1,"ks":{"a":0,"k":{"i":[[0,0],[0,16.568],[-16.569,0]],"o":[[-16.569,0],[0,-16.568],[0,0]],"v":[[15,30],[-15,0],[15,-30]],"c":false},"ix":2},"nm":"Path 1","mn":"ADBE Vector Shape - Group","hd":false},{"ty":"st","c":{"a":0,"k":[0,0,0,1],"ix":3},"o":{"a":0,"k":100,"ix":4},"w":{"a":0,"k":4,"ix":5},"lc":1,"lj":1,"ml":4,"bm":0,"nm":"Stroke 1","mn":"ADBE Vector Graphic - Stroke","hd":false},{"ty":"tr","p":{"a":0,"k":[28.997,34],"ix":2},"a":{"a":0,"k":[0,0],"ix":1},"s":{"a":0,"k":[100,100],"ix":3},"r":{"a":0,"k":0,"ix":6},"o":{"a":0,"k":8,"ix":7},"sk":{"a":0,"k":0,"ix":4},"sa":{"a":0,"k":0,"ix":5},"nm":"Transform"}],"nm":"shadow","np":2,"cix":2,"bm":0,"ix":2,"mn":"ADBE Vector Group","hd":false},{"ty":"gr","it":[{"ind":0,"ty":"sh","ix":1,"ks":{"a":0,"k":{"i":[[-16.568,0],[0,-16.568],[16.568,0],[0,16.568]],"o":[[16.568,0],[0,16.568],[-16.568,0],[0,-16.568]],"v":[[0,-30],[30,0],[0,30],[-30,0]],"c":true},"ix":2},"nm":"Path 1","mn":"ADBE Vector Shape - Group","hd":false},{"ty":"st","c":{"a":0,"k":[0.779999976065,0.783999992819,0.795999983245,1],"ix":3},"o":{"a":0,"k":100,"ix":4},"w":{"a":0,"k":4,"ix":5},"lc":1,"lj":1,"ml":4,"bm":0,"nm":"Stroke 1","mn":"ADBE Vector Graphic - Stroke","hd":false},{"ty":"tr","p":{"a":0,"k":[44,34],"ix":2},"a":{"a":0,"k":[0,0],"ix":1},"s":{"a":0,"k":[100,100],"ix":3},"r":{"a":0,"k":0,"ix":6},"o":{"a":0,"k":100,"ix":7},"sk":{"a":0,"k":0,"ix":4},"sa":{"a":0,"k":0,"ix":5},"nm":"Transform"}],"nm":"clock_frame","np":2,"cix":2,"bm":0,"ix":3,"mn":"ADBE Vector Group","hd":false},{"ty":"gr","it":[{"ty":"gr","it":[{"ind":0,"ty":"sh","ix":1,"ks":{"a":0,"k":{"i":[[0,0],[0,0],[0,0],[0,0]],"o":[[0,0],[0,0],[0,0],[0,0]],"v":[[0.297,1.658],[0.854,1.458],[-0.293,-1.658],[-0.854,-1.458]],"c":true},"ix":2},"nm":"Path 1","mn":"ADBE Vector Shape - Group","hd":false},{"ty":"fl","c":{"a":0,"k":[0.187999994615,0.211999990426,0.238999998803,1],"ix":4},"o":{"a":0,"k":100,"ix":5},"r":1,"bm":0,"nm":"Fill 1","mn":"ADBE Vector Graphic - Fill","hd":false},{"ty":"tr","p":{"a":0,"k":[36.198,13.03],"ix":2},"a":{"a":0,"k":[0,0],"ix":1},"s":{"a":0,"k":[100,100],"ix":3},"r":{"a":0,"k":0,"ix":6},"o":{"a":0,"k":100,"ix":7},"sk":{"a":0,"k":0,"ix":4},"sa":{"a":0,"k":0,"ix":5},"nm":"Transform"}],"nm":"Group 9","np":2,"cix":2,"bm":0,"ix":1,"mn":"ADBE Vector Group","hd":false},{"ty":"gr","it":[{"ind":0,"ty":"sh","ix":1,"ks":{"a":0,"k":{"i":[[0,0],[0,0],[0,0],[0,0]],"o":[[0,0],[0,0],[0,0],[0,0]],"v":[[0.85,1.461],[1.308,1.082],[-0.857,-1.461],[-1.308,-1.079]],"c":true},"ix":2},"nm":"Path 1","mn":"ADBE Vector Shape - Group","hd":false},{"ty":"fl","c":{"a":0,"k":[0.187999994615,0.211999990426,0.238999998803,1],"ix":4},"o":{"a":0,"k":100,"ix":5},"r":1,"bm":0,"nm":"Fill 1","mn":"ADBE Vector Graphic - Fill","hd":false},{"ty":"tr","p":{"a":0,"k":[29.41,16.926],"ix":2},"a":{"a":0,"k":[0,0],"ix":1},"s":{"a":0,"k":[100,100],"ix":3},"r":{"a":0,"k":0,"ix":6},"o":{"a":0,"k":100,"ix":7},"sk":{"a":0,"k":0,"ix":4},"sa":{"a":0,"k":0,"ix":5},"nm":"Transform"}],"nm":"Group 10","np":2,"cix":2,"bm":0,"ix":2,"mn":"ADBE Vector Group","hd":false},{"ty":"gr","it":[{"ind":0,"ty":"sh","ix":1,"ks":{"a":0,"k":{"i":[[0,0],[0,0],[0,0],[0,0]],"o":[[0,0],[0,0],[0,0],[0,0]],"v":[[1.305,1.083],[1.605,0.574],[-1.305,-1.083],[-1.605,-0.574]],"c":true},"ix":2},"nm":"Path 1","mn":"ADBE Vector Shape - Group","hd":false},{"ty":"fl","c":{"a":0,"k":[0.187999994615,0.211999990426,0.238999998803,1],"ix":4},"o":{"a":0,"k":100,"ix":5},"r":1,"bm":0,"nm":"Fill 1","mn":"ADBE Vector Graphic - Fill","hd":false},{"ty":"tr","p":{"a":0,"k":[24.371,22.885],"ix":2},"a":{"a":0,"k":[0,0],"ix":1},"s":{"a":0,"k":[100,100],"ix":3},"r":{"a":0,"k":0,"ix":6},"o":{"a":0,"k":100,"ix":7},"sk":{"a":0,"k":0,"ix":4},"sa":{"a":0,"k":0,"ix":5},"nm":"Transform"}],"nm":"Group 11","np":2,"cix":2,"bm":0,"ix":3,"mn":"ADBE Vector Group","hd":false},{"ty":"gr","it":[{"ind":0,"ty":"sh","ix":1,"ks":{"a":0,"k":{"i":[[0,0],[0,0],[0,0],[0,0]],"o":[[0,0],[0,0],[0,0],[0,0]],"v":[[1.604,0.577],[1.704,0.001],[-1.604,-0.577],[-1.704,0.003]],"c":true},"ix":2},"nm":"Path 1","mn":"ADBE Vector Shape - Group","hd":false},{"ty":"fl","c":{"a":0,"k":[0.187999994615,0.211999990426,0.238999998803,1],"ix":4},"o":{"a":0,"k":100,"ix":5},"r":1,"bm":0,"nm":"Fill 1","mn":"ADBE Vector Graphic - Fill","hd":false},{"ty":"tr","p":{"a":0,"k":[21.702,30.185],"ix":2},"a":{"a":0,"k":[0,0],"ix":1},"s":{"a":0,"k":[100,100],"ix":3},"r":{"a":0,"k":0,"ix":6},"o":{"a":0,"k":100,"ix":7},"sk":{"a":0,"k":0,"ix":4},"sa":{"a":0,"k":0,"ix":5},"nm":"Transform"}],"nm":"Group 12","np":2,"cix":2,"bm":0,"ix":4,"mn":"ADBE Vector Group","hd":false},{"ty":"gr","it":[{"ind":0,"ty":"sh","ix":1,"ks":{"a":0,"k":{"i":[[0,0],[0,0],[0,0],[0,0]],"o":[[0,0],[0,0],[0,0],[0,0]],"v":[[1.704,-0.002],[1.604,-0.579],[-1.704,-0.002],[-1.598,0.579]],"c":true},"ix":2},"nm":"Path 1","mn":"ADBE Vector Shape - Group","hd":false},{"ty":"fl","c":{"a":0,"k":[0.187999994615,0.211999990426,0.238999998803,1],"ix":4},"o":{"a":0,"k":100,"ix":5},"r":1,"bm":0,"nm":"Fill 1","mn":"ADBE Vector Graphic - Fill","hd":false},{"ty":"tr","p":{"a":0,"k":[21.729,37.943],"ix":2},"a":{"a":0,"k":[0,0],"ix":1},"s":{"a":0,"k":[100,100],"ix":3},"r":{"a":0,"k":0,"ix":6},"o":{"a":0,"k":100,"ix":7},"sk":{"a":0,"k":0,"ix":4},"sa":{"a":0,"k":0,"ix":5},"nm":"Transform"}],"nm":"Group 13","np":2,"cix":2,"bm":0,"ix":5,"mn":"ADBE Vector Group","hd":false},{"ty":"gr","it":[{"ind":0,"ty":"sh","ix":1,"ks":{"a":0,"k":{"i":[[0,0],[0,0],[0,0],[0,0]],"o":[[0,0],[0,0],[0,0],[0,0]],"v":[[1.603,-0.578],[1.31,-1.083],[-1.603,0.577],[-1.303,1.083]],"c":true},"ix":2},"nm":"Path 1","mn":"ADBE Vector Shape - Group","hd":false},{"ty":"fl","c":{"a":0,"k":[0.187999994615,0.211999990426,0.238999998803,1],"ix":4},"o":{"a":0,"k":100,"ix":5},"r":1,"bm":0,"nm":"Fill 1","mn":"ADBE Vector Graphic - Fill","hd":false},{"ty":"tr","p":{"a":0,"k":[24.435,45.228],"ix":2},"a":{"a":0,"k":[0,0],"ix":1},"s":{"a":0,"k":[100,100],"ix":3},"r":{"a":0,"k":0,"ix":6},"o":{"a":0,"k":100,"ix":7},"sk":{"a":0,"k":0,"ix":4},"sa":{"a":0,"k":0,"ix":5},"nm":"Transform"}],"nm":"Group 14","np":2,"cix":2,"bm":0,"ix":6,"mn":"ADBE Vector Group","hd":false},{"ty":"gr","it":[{"ind":0,"ty":"sh","ix":1,"ks":{"a":0,"k":{"i":[[0,0],[0,0],[0,0],[0,0]],"o":[[0,0],[0,0],[0,0],[0,0]],"v":[[1.306,-1.082],[0.855,-1.461],[-1.306,1.085],[-0.852,1.461]],"c":true},"ix":2},"nm":"Path 1","mn":"ADBE Vector Shape - Group","hd":false},{"ty":"fl","c":{"a":0,"k":[0.187999994615,0.211999990426,0.238999998803,1],"ix":4},"o":{"a":0,"k":100,"ix":5},"r":1,"bm":0,"nm":"Fill 1","mn":"ADBE Vector Graphic - Fill","hd":false},{"ty":"tr","p":{"a":0,"k":[29.502,51.153],"ix":2},"a":{"a":0,"k":[0,0],"ix":1},"s":{"a":0,"k":[100,100],"ix":3},"r":{"a":0,"k":0,"ix":6},"o":{"a":0,"k":100,"ix":7},"sk":{"a":0,"k":0,"ix":4},"sa":{"a":0,"k":0,"ix":5},"nm":"Transform"}],"nm":"Group 15","np":2,"cix":2,"bm":0,"ix":7,"mn":"ADBE Vector Group","hd":false},{"ty":"gr","it":[{"ind":0,"ty":"sh","ix":1,"ks":{"a":0,"k":{"i":[[0,0],[0,0],[0,0],[0,0]],"o":[[0,0],[0,0],[0,0],[0,0]],"v":[[0.854,-1.462],[0.294,-1.662],[-0.854,1.455],[-0.295,1.662]],"c":true},"ix":2},"nm":"Path 1","mn":"ADBE Vector Shape - Group","hd":false},{"ty":"fl","c":{"a":0,"k":[0.187999994615,0.211999990426,0.238999998803,1],"ix":4},"o":{"a":0,"k":100,"ix":5},"r":1,"bm":0,"nm":"Fill 1","mn":"ADBE Vector Graphic - Fill","hd":false},{"ty":"tr","p":{"a":0,"k":[36.321,55.021],"ix":2},"a":{"a":0,"k":[0,0],"ix":1},"s":{"a":0,"k":[100,100],"ix":3},"r":{"a":0,"k":0,"ix":6},"o":{"a":0,"k":100,"ix":7},"sk":{"a":0,"k":0,"ix":4},"sa":{"a":0,"k":0,"ix":5},"nm":"Transform"}],"nm":"Group 16","np":2,"cix":2,"bm":0,"ix":8,"mn":"ADBE Vector Group","hd":false},{"ty":"gr","it":[{"ind":0,"ty":"sh","ix":1,"ks":{"a":0,"k":{"i":[[0,0],[0,0],[0,0],[0,0]],"o":[[0,0],[0,0],[0,0],[0,0]],"v":[[0.297,-1.659],[-0.297,-1.659],[-0.297,1.659],[0.294,1.659]],"c":true},"ix":2},"nm":"Path 1","mn":"ADBE Vector Shape - Group","hd":false},{"ty":"fl","c":{"a":0,"k":[0.187999994615,0.211999990426,0.238999998803,1],"ix":4},"o":{"a":0,"k":100,"ix":5},"r":1,"bm":0,"nm":"Fill 1","mn":"ADBE Vector Graphic - Fill","hd":false},{"ty":"tr","p":{"a":0,"k":[44.063,56.342],"ix":2},"a":{"a":0,"k":[0,0],"ix":1},"s":{"a":0,"k":[100,100],"ix":3},"r":{"a":0,"k":0,"ix":6},"o":{"a":0,"k":100,"ix":7},"sk":{"a":0,"k":0,"ix":4},"sa":{"a":0,"k":0,"ix":5},"nm":"Transform"}],"nm":"Group 17","np":2,"cix":2,"bm":0,"ix":9,"mn":"ADBE Vector Group","hd":false},{"ty":"gr","it":[{"ind":0,"ty":"sh","ix":1,"ks":{"a":0,"k":{"i":[[0,0],[0,0],[0,0],[0,0]],"o":[[0,0],[0,0],[0,0],[0,0]],"v":[[-0.297,-1.659],[-0.853,-1.458],[0.295,1.659],[0.853,1.459]],"c":true},"ix":2},"nm":"Path 1","mn":"ADBE Vector Shape - Group","hd":false},{"ty":"fl","c":{"a":0,"k":[0.187999994615,0.211999990426,0.238999998803,1],"ix":4},"o":{"a":0,"k":100,"ix":5},"r":1,"bm":0,"nm":"Fill 1","mn":"ADBE Vector Graphic - Fill","hd":false},{"ty":"tr","p":{"a":0,"k":[51.802,54.974],"ix":2},"a":{"a":0,"k":[0,0],"ix":1},"s":{"a":0,"k":[100,100],"ix":3},"r":{"a":0,"k":0,"ix":6},"o":{"a":0,"k":100,"ix":7},"sk":{"a":0,"k":0,"ix":4},"sa":{"a":0,"k":0,"ix":5},"nm":"Transform"}],"nm":"Group 18","np":2,"cix":2,"bm":0,"ix":10,"mn":"ADBE Vector Group","hd":false},{"ty":"gr","it":[{"ind":0,"ty":"sh","ix":1,"ks":{"a":0,"k":{"i":[[0,0],[0,0],[0,0],[0,0]],"o":[[0,0],[0,0],[0,0],[0,0]],"v":[[-0.85,-1.459],[-1.307,-1.086],[0.854,1.459],[1.307,1.079]],"c":true},"ix":2},"nm":"Path 1","mn":"ADBE Vector Shape - Group","hd":false},{"ty":"fl","c":{"a":0,"k":[0.187999994615,0.211999990426,0.238999998803,1],"ix":4},"o":{"a":0,"k":100,"ix":5},"r":1,"bm":0,"nm":"Fill 1","mn":"ADBE Vector Graphic - Fill","hd":false},{"ty":"tr","p":{"a":0,"k":[58.595,51.077],"ix":2},"a":{"a":0,"k":[0,0],"ix":1},"s":{"a":0,"k":[100,100],"ix":3},"r":{"a":0,"k":0,"ix":6},"o":{"a":0,"k":100,"ix":7},"sk":{"a":0,"k":0,"ix":4},"sa":{"a":0,"k":0,"ix":5},"nm":"Transform"}],"nm":"Group 19","np":2,"cix":2,"bm":0,"ix":11,"mn":"ADBE Vector Group","hd":false},{"ty":"gr","it":[{"ind":0,"ty":"sh","ix":1,"ks":{"a":0,"k":{"i":[[0,0],[0,0],[0,0],[0,0]],"o":[[0,0],[0,0],[0,0],[0,0]],"v":[[-1.305,-1.079],[-1.605,-0.579],[1.305,1.079],[1.605,0.572]],"c":true},"ix":2},"nm":"Path 1","mn":"ADBE Vector Shape - Group","hd":false},{"ty":"fl","c":{"a":0,"k":[0.187999994615,0.211999990426,0.238999998803,1],"ix":4},"o":{"a":0,"k":100,"ix":5},"r":1,"bm":0,"nm":"Fill 1","mn":"ADBE Vector Graphic - Fill","hd":false},{"ty":"tr","p":{"a":0,"k":[63.63,45.115],"ix":2},"a":{"a":0,"k":[0,0],"ix":1},"s":{"a":0,"k":[100,100],"ix":3},"r":{"a":0,"k":0,"ix":6},"o":{"a":0,"k":100,"ix":7},"sk":{"a":0,"k":0,"ix":4},"sa":{"a":0,"k":0,"ix":5},"nm":"Transform"}],"nm":"Group 20","np":2,"cix":2,"bm":0,"ix":12,"mn":"ADBE Vector Group","hd":false},{"ty":"gr","it":[{"ind":0,"ty":"sh","ix":1,"ks":{"a":0,"k":{"i":[[0,0],[0,0],[0,0],[0,0]],"o":[[0,0],[0,0],[0,0],[0,0]],"v":[[-1.603,-0.575],[-1.703,0.002],[1.603,0.575],[1.703,0.002]],"c":true},"ix":2},"nm":"Path 1","mn":"ADBE Vector Shape - Group","hd":false},{"ty":"fl","c":{"a":0,"k":[0.187999994615,0.211999990426,0.238999998803,1],"ix":4},"o":{"a":0,"k":100,"ix":5},"r":1,"bm":0,"nm":"Fill 1","mn":"ADBE Vector Graphic - Fill","hd":false},{"ty":"tr","p":{"a":0,"k":[66.297,37.813],"ix":2},"a":{"a":0,"k":[0,0],"ix":1},"s":{"a":0,"k":[100,100],"ix":3},"r":{"a":0,"k":0,"ix":6},"o":{"a":0,"k":100,"ix":7},"sk":{"a":0,"k":0,"ix":4},"sa":{"a":0,"k":0,"ix":5},"nm":"Transform"}],"nm":"Group 21","np":2,"cix":2,"bm":0,"ix":13,"mn":"ADBE Vector Group","hd":false},{"ty":"gr","it":[{"ind":0,"ty":"sh","ix":1,"ks":{"a":0,"k":{"i":[[0,0],[0,0],[0,0],[0,0]],"o":[[0,0],[0,0],[0,0],[0,0]],"v":[[-1.706,-0.001],[-1.605,0.577],[1.706,-0.001],[1.605,-0.577]],"c":true},"ix":2},"nm":"Path 1","mn":"ADBE Vector Shape - Group","hd":false},{"ty":"fl","c":{"a":0,"k":[0.187999994615,0.211999990426,0.238999998803,1],"ix":4},"o":{"a":0,"k":100,"ix":5},"r":1,"bm":0,"nm":"Fill 1","mn":"ADBE Vector Graphic - Fill","hd":false},{"ty":"tr","p":{"a":0,"k":[66.273,30.056],"ix":2},"a":{"a":0,"k":[0,0],"ix":1},"s":{"a":0,"k":[100,100],"ix":3},"r":{"a":0,"k":0,"ix":6},"o":{"a":0,"k":100,"ix":7},"sk":{"a":0,"k":0,"ix":4},"sa":{"a":0,"k":0,"ix":5},"nm":"Transform"}],"nm":"Group 22","np":2,"cix":2,"bm":0,"ix":14,"mn":"ADBE Vector Group","hd":false},{"ty":"gr","it":[{"ind":0,"ty":"sh","ix":1,"ks":{"a":0,"k":{"i":[[0,0],[0,0],[0,0],[0,0]],"o":[[0,0],[0,0],[0,0],[0,0]],"v":[[-1.601,0.574],[-1.309,1.085],[1.601,-0.574],[1.307,-1.085]],"c":true},"ix":2},"nm":"Path 1","mn":"ADBE Vector Shape - Group","hd":false},{"ty":"fl","c":{"a":0,"k":[0.187999994615,0.211999990426,0.238999998803,1],"ix":4},"o":{"a":0,"k":100,"ix":5},"r":1,"bm":0,"nm":"Fill 1","mn":"ADBE Vector Graphic - Fill","hd":false},{"ty":"tr","p":{"a":0,"k":[63.565,22.775],"ix":2},"a":{"a":0,"k":[0,0],"ix":1},"s":{"a":0,"k":[100,100],"ix":3},"r":{"a":0,"k":0,"ix":6},"o":{"a":0,"k":100,"ix":7},"sk":{"a":0,"k":0,"ix":4},"sa":{"a":0,"k":0,"ix":5},"nm":"Transform"}],"nm":"Group 23","np":2,"cix":2,"bm":0,"ix":15,"mn":"ADBE Vector Group","hd":false},{"ty":"gr","it":[{"ind":0,"ty":"sh","ix":1,"ks":{"a":0,"k":{"i":[[0,0],[0,0],[0,0],[0,0]],"o":[[0,0],[0,0],[0,0],[0,0]],"v":[[-1.308,1.082],[-0.854,1.459],[1.308,-1.084],[0.854,-1.459]],"c":true},"ix":2},"nm":"Path 1","mn":"ADBE Vector Shape - Group","hd":false},{"ty":"fl","c":{"a":0,"k":[0.187999994615,0.211999990426,0.238999998803,1],"ix":4},"o":{"a":0,"k":100,"ix":5},"r":1,"bm":0,"nm":"Fill 1","mn":"ADBE Vector Graphic - Fill","hd":false},{"ty":"tr","p":{"a":0,"k":[58.495,16.845],"ix":2},"a":{"a":0,"k":[0,0],"ix":1},"s":{"a":0,"k":[100,100],"ix":3},"r":{"a":0,"k":0,"ix":6},"o":{"a":0,"k":100,"ix":7},"sk":{"a":0,"k":0,"ix":4},"sa":{"a":0,"k":0,"ix":5},"nm":"Transform"}],"nm":"Group 24","np":2,"cix":2,"bm":0,"ix":16,"mn":"ADBE Vector Group","hd":false},{"ty":"gr","it":[{"ind":0,"ty":"sh","ix":1,"ks":{"a":0,"k":{"i":[[0,0],[0,0],[0,0],[0,0]],"o":[[0,0],[0,0],[0,0],[0,0]],"v":[[-0.854,1.459],[-0.296,1.66],[0.854,-1.46],[0.295,-1.66]],"c":true},"ix":2},"nm":"Path 1","mn":"ADBE Vector Shape - Group","hd":false},{"ty":"fl","c":{"a":0,"k":[0.187999994615,0.211999990426,0.238999998803,1],"ix":4},"o":{"a":0,"k":100,"ix":5},"r":1,"bm":0,"nm":"Fill 1","mn":"ADBE Vector Graphic - Fill","hd":false},{"ty":"tr","p":{"a":0,"k":[51.68,12.982],"ix":2},"a":{"a":0,"k":[0,0],"ix":1},"s":{"a":0,"k":[100,100],"ix":3},"r":{"a":0,"k":0,"ix":6},"o":{"a":0,"k":100,"ix":7},"sk":{"a":0,"k":0,"ix":4},"sa":{"a":0,"k":0,"ix":5},"nm":"Transform"}],"nm":"Group 25","np":2,"cix":2,"bm":0,"ix":17,"mn":"ADBE Vector Group","hd":false},{"ty":"gr","it":[{"ind":0,"ty":"sh","ix":1,"ks":{"a":0,"k":{"i":[[0,0],[0,0],[0,0],[0,0]],"o":[[0,0],[0,0],[0,0],[0,0]],"v":[[-0.297,-1.658],[0.296,-1.658],[0.296,1.658],[-0.297,1.658]],"c":true},"ix":2},"nm":"Path 1","mn":"ADBE Vector Shape - Group","hd":false},{"ty":"fl","c":{"a":0,"k":[0.187999994615,0.211999990426,0.238999998803,1],"ix":4},"o":{"a":0,"k":100,"ix":5},"r":1,"bm":0,"nm":"Fill 1","mn":"ADBE Vector Graphic - Fill","hd":false},{"ty":"tr","p":{"a":0,"k":[43.937,11.658],"ix":2},"a":{"a":0,"k":[0,0],"ix":1},"s":{"a":0,"k":[100,100],"ix":3},"r":{"a":0,"k":0,"ix":6},"o":{"a":0,"k":100,"ix":7},"sk":{"a":0,"k":0,"ix":4},"sa":{"a":0,"k":0,"ix":5},"nm":"Transform"}],"nm":"Group 26","np":2,"cix":2,"bm":0,"ix":18,"mn":"ADBE Vector Group","hd":false},{"ty":"tr","p":{"a":0,"k":[43.999,34.001],"ix":2},"a":{"a":0,"k":[43.999,34.001],"ix":1},"s":{"a":0,"k":[100,100],"ix":3},"r":{"a":0,"k":0,"ix":6},"o":{"a":0,"k":20,"ix":7},"sk":{"a":0,"k":0,"ix":4},"sa":{"a":0,"k":0,"ix":5},"nm":"Transform"}],"nm":"clock_point","np":18,"cix":2,"bm":0,"ix":4,"mn":"ADBE Vector Group","hd":false},{"ty":"gr","it":[{"ind":0,"ty":"sh","ix":1,"ks":{"a":1,"k":[{"i":{"x":0.833,"y":0.833},"o":{"x":0.167,"y":0.167},"t":15,"s":[{"i":[[0,0],[0,0],[0,0],[0,0],[0,0],[0,0],[0,0],[0,0],[0,0],[0,0],[0,0],[0,0],[0,0],[0,0],[0,0],[0,0],[0,0],[0,0],[0,0],[0,0]],"o":[[0,0],[0,0],[0,0],[0,0],[0,0],[0,0],[0,0],[0,0],[0,0],[0,0],[0,0],[0,0],[0,0],[0,0],[0,0],[0,0],[0,0],[0,0],[0,0],[0,0]],"v":[[-1,-9],[1,-9],[1,9],[-1,9],[-1,-6.508],[-1,-6.703],[-1,-6.874],[-1,-6.999],[-1,-7.097],[-1,-7.244],[-1,-7.344],[-1,-7.434],[-1,-7.52],[-1,-7.614],[-1,-7.832],[-1,-7.943],[-1,-8.095],[-1,-8.515],[-1,-8.724],[-1,-8.918]],"c":true}]},{"i":{"x":0.833,"y":0.833},"o":{"x":0.167,"y":0.167},"t":17,"s":[{"i":[[0,0],[0,0],[0,0],[0,0],[0,0],[0,0],[0,0],[0,0],[0,0],[0,0],[0,0],[0,0],[0,0],[0,0],[0,0],[0,0],[0,0],[0,0],[0,0],[0,0]],"o":[[0,0],[0,0],[0,0],[0,0],[0,0],[0,0],[0,0],[0,0],[0,0],[0,0],[0,0],[0,0],[0,0],[0,0],[0,0],[0,0],[0,0],[0,0],[0,0],[0,0]],"v":[[-1,-18.881],[1,-18.881],[1,10.709],[-1,10.709],[-1.35,-14.895],[-1.354,-15.216],[-1.358,-15.499],[-1.361,-15.704],[-1.363,-15.867],[-1.367,-16.109],[-1.369,-16.275],[-1.371,-16.422],[-1.373,-16.564],[-1.375,-16.72],[-1.38,-17.08],[-1.382,-17.263],[-1.386,-17.514],[-1.395,-18.208],[-1.4,-18.552],[-1,-18.754]],"c":true}]},{"i":{"x":0.833,"y":0.833},"o":{"x":0.167,"y":0.167},"t":26,"s":[{"i":[[0,0],[0,0],[0,0],[0,0],[0,0],[0,0],[0,0],[0,0],[0,0],[0,0],[0,0],[0,0],[0,0],[0,0],[0,0],[0,0],[0,0],[0,0],[0,0],[0,0]],"o":[[0,0],[0,0],[0,0],[0,0],[0,0],[0,0],[0,0],[0,0],[0,0],[0,0],[0,0],[0,0],[0,0],[0,0],[0,0],[0,0],[0,0],[0,0],[0,0],[0,0]],"v":[[-1,-18.881],[1,-18.881],[1,10.709],[-1,10.709],[-6.123,-14.274],[-6.187,-14.588],[-6.244,-14.864],[-6.285,-15.064],[-6.317,-15.223],[-6.366,-15.459],[-6.399,-15.621],[-6.428,-15.765],[-6.457,-15.904],[-6.488,-16.056],[-6.56,-16.407],[-6.597,-16.585],[-6.647,-16.83],[-6.786,-17.507],[-6.855,-17.843],[-1,-18.754]],"c":true}]},{"i":{"x":0.833,"y":0.833},"o":{"x":0.167,"y":0.167},"t":28,"s":[{"i":[[0,0],[0,0],[0,0],[0,0],[0,0],[0,0],[0,0],[0,0],[0,0],[0,0],[0,0],[0,0],[0,0],[0,0],[0,0],[0,0],[0,0],[0,0],[0,0],[0,0]],"o":[[0,0],[0,0],[0,0],[0,0],[0,0],[0,0],[0,0],[0,0],[0,0],[0,0],[0,0],[0,0],[0,0],[0,0],[0,0],[0,0],[0,0],[0,0],[0,0],[0,0]],"v":[[-1,-18.881],[1,-18.881],[1,10.709],[-1,10.709],[-10.1,-13.757],[-10.214,-14.064],[-10.315,-14.335],[-10.388,-14.531],[-10.446,-14.686],[-10.532,-14.918],[-10.591,-15.076],[-10.643,-15.217],[-10.693,-15.353],[-10.749,-15.502],[-10.877,-15.846],[-10.942,-16.02],[-11.031,-16.26],[-11.278,-16.923],[-11.4,-17.252],[-1,-18.754]],"c":true}]},{"i":{"x":0.833,"y":0.833},"o":{"x":0.167,"y":0.167},"t":32,"s":[{"i":[[0,0],[0,0],[0,0],[0,0],[0,0],[0,0],[0,0],[0,0],[0,0],[0,0],[0,0],[0,0],[0,0],[0,0],[0,0],[0,0],[0,0],[0,0],[0,0],[0,0]],"o":[[0,0],[0,0],[0,0],[0,0],[0,0],[0,0],[0,0],[0,0],[0,0],[0,0],[0,0],[0,0],[0,0],[0,0],[0,0],[0,0],[0,0],[0,0],[0,0],[0,0]],"v":[[-1,-18.881],[1,-18.881],[1,10.709],[-1,10.709],[-17.942,-8.921],[-18.154,-9.168],[-18.342,-9.385],[-18.478,-9.542],[-18.585,-9.667],[-18.745,-9.853],[-18.855,-9.98],[-18.953,-10.093],[-19.047,-10.202],[-19.15,-10.321],[-19.388,-10.597],[-19.509,-10.737],[-19.675,-10.93],[-20.134,-11.462],[-11.4,-17.252],[-1,-18.754]],"c":true}]},{"i":{"x":0.833,"y":0.833},"o":{"x":0.167,"y":0.167},"t":36,"s":[{"i":[[0,0],[0,0],[0,0],[0,0],[0,0],[0,0],[0,0],[0,0],[0,0],[0,0],[0,0],[0,0],[0,0],[0,0],[0,0],[0,0],[0,0],[0,0],[0,0],[0,0]],"o":[[0,0],[0,0],[0,0],[0,0],[0,0],[0,0],[0,0],[0,0],[0,0],[0,0],[0,0],[0,0],[0,0],[0,0],[0,0],[0,0],[0,0],[0,0],[0,0],[0,0]],"v":[[-1,-18.881],[1,-18.881],[1,10.709],[-1,10.709],[-25.646,1.344],[-25.956,1.226],[-26.228,1.122],[-26.426,1.047],[-26.582,0.988],[-26.815,0.899],[-26.975,0.838],[-27.117,0.785],[-27.254,0.733],[-27.404,0.676],[-27.75,0.544],[-27.926,0.477],[-28.167,0.385],[-20.134,-11.462],[-11.4,-17.252],[-1,-18.754]],"c":true}]},{"i":{"x":0.833,"y":0.833},"o":{"x":0.167,"y":0.167},"t":39,"s":[{"i":[[0,0],[0,0],[0,0],[0,0],[0,0],[0,0],[0,0],[0,0],[0,0],[0,0],[0,0],[0,0],[0,0],[0,0],[0,0],[0,0],[0,0],[0,0],[0,0],[0,0]],"o":[[0,0],[0,0],[0,0],[0,0],[0,0],[0,0],[0,0],[0,0],[0,0],[0,0],[0,0],[0,0],[0,0],[0,0],[0,0],[0,0],[0,0],[0,0],[0,0],[0,0]],"v":[[-1,-18.881],[1,-18.881],[1,10.709],[-1,10.709],[-27.234,15.88],[-27.563,15.945],[-27.853,16.002],[-28.064,16.044],[-28.23,16.076],[-28.478,16.125],[-28.648,16.159],[-28.799,16.188],[-28.945,16.217],[-29.104,16.249],[-29.473,16.321],[-29.66,16.358],[-28.167,0.385],[-20.134,-11.462],[-11.4,-17.252],[-1,-18.754]],"c":true}]},{"i":{"x":0.833,"y":0.833},"o":{"x":0.167,"y":0.167},"t":41,"s":[{"i":[[0,0],[0,0],[0,0],[0,0],[0,0],[0,0],[0,0],[0,0],[0,0],[0,0],[0,0],[0,0],[0,0],[0,0],[0,0],[0,0],[0,0],[0,0],[0,0],[0,0]],"o":[[0,0],[0,0],[0,0],[0,0],[0,0],[0,0],[0,0],[0,0],[0,0],[0,0],[0,0],[0,0],[0,0],[0,0],[0,0],[0,0],[0,0],[0,0],[0,0],[0,0]],"v":[[-1,-18.881],[1,-18.881],[1,10.709],[-1,10.709],[-23.575,26.263],[-23.858,26.458],[-24.108,26.63],[-24.289,26.755],[-24.432,26.854],[-24.646,27.001],[-24.792,27.102],[-24.922,27.191],[-25.047,27.277],[-25.185,27.372],[-25.502,27.59],[-29.66,16.358],[-28.167,0.385],[-20.134,-11.462],[-11.4,-17.252],[-1,-18.754]],"c":true}]},{"i":{"x":0.833,"y":0.833},"o":{"x":0.167,"y":0.167},"t":44,"s":[{"i":[[0,0],[0,0],[0,0],[0,0],[0,0],[0,0],[0,0],[0,0],[0,0],[0,0],[0,0],[0,0],[0,0],[0,0],[0,0],[0,0],[0,0],[0,0],[0,0],[0,0]],"o":[[0,0],[0,0],[0,0],[0,0],[0,0],[0,0],[0,0],[0,0],[0,0],[0,0],[0,0],[0,0],[0,0],[0,0],[0,0],[0,0],[0,0],[0,0],[0,0],[0,0]],"v":[[-1,-18.881],[1,-18.881],[1,10.709],[-1,10.709],[-14.586,35.022],[-14.757,35.327],[-14.907,35.596],[-15.016,35.791],[-15.102,35.946],[-15.231,36.175],[-15.319,36.333],[-15.397,36.473],[-15.472,36.608],[-15.555,36.756],[-25.502,27.59],[-29.66,16.358],[-28.167,0.385],[-20.134,-11.462],[-11.4,-17.252],[-1,-18.754]],"c":true}]},{"i":{"x":0.833,"y":0.833},"o":{"x":0.167,"y":0.167},"t":45,"s":[{"i":[[0,0],[0,0],[0,0],[0,0],[0,0],[0,0],[0,0],[0,0],[0,0],[0,0],[0,0],[0,0],[0,0],[0,0],[0,0],[0,0],[0,0],[0,0],[0,0],[0,0]],"o":[[0,0],[0,0],[0,0],[0,0],[0,0],[0,0],[0,0],[0,0],[0,0],[0,0],[0,0],[0,0],[0,0],[0,0],[0,0],[0,0],[0,0],[0,0],[0,0],[0,0]],"v":[[-1,-18.881],[1,-18.881],[1,10.709],[-1,10.709],[-3.64,39.056],[-3.673,39.412],[-3.702,39.726],[-3.723,39.953],[-3.74,40.133],[-3.765,40.401],[-3.782,40.585],[-3.797,40.748],[-3.812,40.905],[-15.555,36.756],[-25.502,27.59],[-29.66,16.358],[-28.167,0.385],[-20.134,-11.462],[-11.4,-17.252],[-1,-18.754]],"c":true}]},{"i":{"x":0.833,"y":0.833},"o":{"x":0.167,"y":0.167},"t":48,"s":[{"i":[[0,0],[0,0],[0,0],[0,0],[0,0],[0,0],[0,0],[0,0],[0,0],[0,0],[0,0],[0,0],[0,0],[0,0],[0,0],[0,0],[0,0],[0,0],[0,0],[0,0]],"o":[[0,0],[0,0],[0,0],[0,0],[0,0],[0,0],[0,0],[0,0],[0,0],[0,0],[0,0],[0,0],[0,0],[0,0],[0,0],[0,0],[0,0],[0,0],[0,0],[0,0]],"v":[[-1,-18.881],[1,-18.881],[1,10.709],[-1,10.709],[8.632,38.094],[8.753,38.438],[8.86,38.741],[8.937,38.961],[8.998,39.135],[9.089,39.394],[9.152,39.571],[9.207,39.729],[-3.812,40.905],[-15.555,36.756],[-25.502,27.59],[-29.66,16.358],[-28.167,0.385],[-20.134,-11.462],[-11.4,-17.252],[-1,-18.754]],"c":true}]},{"i":{"x":0.833,"y":0.833},"o":{"x":0.167,"y":0.167},"t":51,"s":[{"i":[[0,0],[0,0],[0,0],[0,0],[0,0],[0,0],[0,0],[0,0],[0,0],[0,0],[0,0],[0,0],[0,0],[0,0],[0,0],[0,0],[0,0],[0,0],[0,0],[0,0]],"o":[[0,0],[0,0],[0,0],[0,0],[0,0],[0,0],[0,0],[0,0],[0,0],[0,0],[0,0],[0,0],[0,0],[0,0],[0,0],[0,0],[0,0],[0,0],[0,0],[0,0]],"v":[[-1,-18.881],[1,-18.881],[1,10.709],[-1,10.709],[20.886,30.794],[21.161,31.046],[21.403,31.268],[21.579,31.429],[21.718,31.556],[21.925,31.746],[22.067,31.877],[9.207,39.729],[-3.812,40.905],[-15.555,36.756],[-25.502,27.59],[-29.66,16.358],[-28.167,0.385],[-20.134,-11.462],[-11.4,-17.252],[-1,-18.754]],"c":true}]},{"i":{"x":0.833,"y":0.833},"o":{"x":0.167,"y":0.167},"t":53,"s":[{"i":[[0,0],[0,0],[0,0],[0,0],[0,0],[0,0],[0,0],[0,0],[0,0],[0,0],[0,0],[0,0],[0,0],[0,0],[0,0],[0,0],[0,0],[0,0],[0,0],[0,0]],"o":[[0,0],[0,0],[0,0],[0,0],[0,0],[0,0],[0,0],[0,0],[0,0],[0,0],[0,0],[0,0],[0,0],[0,0],[0,0],[0,0],[0,0],[0,0],[0,0],[0,0]],"v":[[-1,-18.881],[1,-18.881],[1,10.709],[-1,10.709],[27.36,19.773],[27.716,19.887],[28.03,19.987],[28.257,20.06],[28.437,20.117],[28.706,20.203],[22.067,31.877],[9.207,39.729],[-3.812,40.905],[-15.555,36.756],[-25.502,27.59],[-29.66,16.358],[-28.167,0.385],[-20.134,-11.462],[-11.4,-17.252],[-1,-18.754]],"c":true}]},{"i":{"x":0.833,"y":0.833},"o":{"x":0.167,"y":0.167},"t":55,"s":[{"i":[[0,0],[0,0],[0,0],[0,0],[0,0],[0,0],[0,0],[0,0],[0,0],[0,0],[0,0],[0,0],[0,0],[0,0],[0,0],[0,0],[0,0],[0,0],[0,0],[0,0]],"o":[[0,0],[0,0],[0,0],[0,0],[0,0],[0,0],[0,0],[0,0],[0,0],[0,0],[0,0],[0,0],[0,0],[0,0],[0,0],[0,0],[0,0],[0,0],[0,0],[0,0]],"v":[[-1,-18.881],[1,-18.881],[1,10.709],[-1,10.709],[28.812,8.169],[29.187,8.137],[29.516,8.109],[29.755,8.088],[29.945,8.072],[28.706,20.203],[22.067,31.877],[9.207,39.729],[-3.812,40.905],[-15.555,36.756],[-25.502,27.59],[-29.66,16.358],[-28.167,0.385],[-20.134,-11.462],[-11.4,-17.252],[-1,-18.754]],"c":true}]},{"i":{"x":0.833,"y":0.833},"o":{"x":0.167,"y":0.167},"t":59,"s":[{"i":[[0,0],[0,0],[0,0],[0,0],[0,0],[0,0],[0,0],[0,0],[0,0],[0,0],[0,0],[0,0],[0,0],[0,0],[0,0],[0,0],[0,0],[0,0],[0,0],[0,0]],"o":[[0,0],[0,0],[0,0],[0,0],[0,0],[0,0],[0,0],[0,0],[0,0],[0,0],[0,0],[0,0],[0,0],[0,0],[0,0],[0,0],[0,0],[0,0],[0,0],[0,0]],"v":[[-1,-18.881],[1,-18.881],[1,10.709],[-1,10.709],[24.324,-4.719],[24.642,-4.913],[24.922,-5.083],[25.125,-5.207],[29.945,8.072],[28.706,20.203],[22.067,31.877],[9.207,39.729],[-3.812,40.905],[-15.555,36.756],[-25.502,27.59],[-29.66,16.358],[-28.167,0.385],[-20.134,-11.462],[-11.4,-17.252],[-1,-18.754]],"c":true}]},{"i":{"x":0.833,"y":0.833},"o":{"x":0.167,"y":0.167},"t":62,"s":[{"i":[[0,0],[0,0],[0,0],[0,0],[0,0],[0,0],[0,0],[0,0],[0,0],[0,0],[0,0],[0,0],[0,0],[0,0],[0,0],[0,0],[0,0],[0,0],[0,0],[0,0]],"o":[[0,0],[0,0],[0,0],[0,0],[0,0],[0,0],[0,0],[0,0],[0,0],[0,0],[0,0],[0,0],[0,0],[0,0],[0,0],[0,0],[0,0],[0,0],[0,0],[0,0]],"v":[[-1,-18.881],[1,-18.881],[1,10.709],[-1,10.709],[14.994,-14.097],[15.195,-14.408],[15.372,-14.682],[25.125,-5.207],[29.945,8.072],[28.706,20.203],[22.067,31.877],[9.207,39.729],[-3.812,40.905],[-15.555,36.756],[-25.502,27.59],[-29.66,16.358],[-28.167,0.385],[-20.134,-11.462],[-11.4,-17.252],[-1,-18.754]],"c":true}]},{"i":{"x":0.833,"y":0.833},"o":{"x":0.167,"y":0.167},"t":65,"s":[{"i":[[0,0],[0,0],[0,0],[0,0],[0,0],[0,0],[0,0],[0,0],[0,0],[0,0],[0,0],[0,0],[0,0],[0,0],[0,0],[0,0],[0,0],[0,0],[0,0],[0,0]],"o":[[0,0],[0,0],[0,0],[0,0],[0,0],[0,0],[0,0],[0,0],[0,0],[0,0],[0,0],[0,0],[0,0],[0,0],[0,0],[0,0],[0,0],[0,0],[0,0],[0,0]],"v":[[-1,-18.881],[1,-18.881],[1,10.709],[-1,10.709],[6.672,-17.769],[6.769,-18.127],[15.372,-14.682],[25.125,-5.207],[29.945,8.072],[28.706,20.203],[22.067,31.877],[9.207,39.729],[-3.812,40.905],[-15.555,36.756],[-25.502,27.59],[-29.66,16.358],[-28.167,0.385],[-20.134,-11.462],[-11.4,-17.252],[-1,-18.754]],"c":true}]},{"t":70,"s":[{"i":[[0,0],[0,0],[0,0],[0,0],[0,0],[0,0],[0,0],[0,0],[0,0],[0,0],[0,0],[0,0],[0,0],[0,0],[0,0],[0,0],[0,0],[0,0],[0,0],[0,0]],"o":[[0,0],[0,0],[0,0],[0,0],[0,0],[0,0],[0,0],[0,0],[0,0],[0,0],[0,0],[0,0],[0,0],[0,0],[0,0],[0,0],[0,0],[0,0],[0,0],[0,0]],"v":[[-1,-18.881],[1,-18.881],[1,10.709],[-1,10.709],[-1.142,-18.931],[6.769,-18.127],[15.372,-14.682],[25.125,-5.207],[29.945,8.072],[28.706,20.203],[22.067,31.877],[9.207,39.729],[-3.812,40.905],[-15.555,36.756],[-25.502,27.59],[-29.66,16.358],[-28.167,0.385],[-20.134,-11.462],[-11.4,-17.252],[-1,-18.754]],"c":true}]}],"ix":2},"nm":"Path 1","mn":"ADBE Vector Shape - Group","hd":false},{"ty":"fl","c":{"a":0,"k":[0.878431379795,0.890196084976,0.92549020052,1],"ix":4},"o":{"a":0,"k":100,"ix":5},"r":1,"bm":0,"nm":"Fill 1","mn":"ADBE Vector Graphic - Fill","hd":false},{"ty":"tr","p":{"a":0,"k":[44,23],"ix":2},"a":{"a":0,"k":[0,0],"ix":1},"s":{"a":0,"k":[100,100],"ix":3},"r":{"a":0,"k":0,"ix":6},"o":{"a":1,"k":[{"i":{"x":[0.833],"y":[0.833]},"o":{"x":[0.167],"y":[0.167]},"t":85,"s":[100]},{"t":110,"s":[0]}],"ix":7},"sk":{"a":0,"k":0,"ix":4},"sa":{"a":0,"k":0,"ix":5},"nm":"Transform"}],"nm":"color_bar","np":2,"cix":2,"bm":0,"ix":5,"mn":"ADBE Vector Group","hd":false},{"ty":"gr","it":[{"ind":0,"ty":"sh","ix":1,"ks":{"a":0,"k":{"i":[[-16.568,0],[0,-16.568],[16.568,0],[0,16.568]],"o":[[16.568,0],[0,16.568],[-16.568,0],[0,-16.568]],"v":[[0,-30],[30,0],[0,30],[-30,0]],"c":true},"ix":2},"nm":"Path 1","mn":"ADBE Vector Shape - Group","hd":false},{"ty":"fl","c":{"a":0,"k":[0.969000004787,0.972999961703,0.987999949736,1],"ix":4},"o":{"a":0,"k":100,"ix":5},"r":1,"bm":0,"nm":"Fill 1","mn":"ADBE Vector Graphic - Fill","hd":false},{"ty":"tr","p":{"a":0,"k":[44,34],"ix":2},"a":{"a":0,"k":[0,0],"ix":1},"s":{"a":0,"k":[100,100],"ix":3},"r":{"a":0,"k":0,"ix":6},"o":{"a":0,"k":100,"ix":7},"sk":{"a":0,"k":0,"ix":4},"sa":{"a":0,"k":0,"ix":5},"nm":"Transform"}],"nm":"bg","np":2,"cix":2,"bm":0,"ix":6,"mn":"ADBE Vector Group","hd":false},{"ty":"tr","p":{"a":0,"k":[160,95],"ix":2},"a":{"a":0,"k":[160,95],"ix":1},"s":{"a":0,"k":[100,100],"ix":3},"r":{"a":0,"k":0,"ix":6},"o":{"a":0,"k":90,"ix":7},"sk":{"a":0,"k":0,"ix":4},"sa":{"a":0,"k":0,"ix":5},"nm":"Transform"}],"nm":"clock 1","np":6,"cix":2,"bm":0,"ix":1,"mn":"ADBE Vector Group","hd":false}],"ip":0,"op":200,"st":0,"bm":0},{"ddd":0,"ind":2,"ty":4,"nm":"click","sr":1,"ks":{"o":{"a":1,"k":[{"i":{"x":[0.667],"y":[1]},"o":{"x":[0.333],"y":[0]},"t":151,"s":[0]},{"i":{"x":[0.667],"y":[1]},"o":{"x":[0.333],"y":[0]},"t":156,"s":[30]},{"t":165,"s":[0]}],"ix":11},"r":{"a":0,"k":-7,"ix":10},"p":{"a":0,"k":[164.011,122.556,0],"ix":2},"a":{"a":0,"k":[256.5,256.5,0],"ix":1},"s":{"a":1,"k":[{"i":{"x":[0.667,0.667,0.667],"y":[1,1,1]},"o":{"x":[0.333,0.333,0.333],"y":[0,0,0]},"t":151,"s":[2,2,100]},{"i":{"x":[0.667,0.667,0.667],"y":[1,1,1]},"o":{"x":[0.333,0.333,0.333],"y":[0,0,0]},"t":156,"s":[4.806,4.806,100]},{"t":165,"s":[5,5,100]}],"ix":6}},"ao":0,"shapes":[{"ty":"gr","it":[{"ind":0,"ty":"sh","ix":1,"ks":{"a":0,"k":{"i":[[4.16,4.182],[4.181,-4.181],[0,0],[-4.16,-4.16],[-2.731,0],[-2.091,2.091],[0,0]],"o":[[-4.16,-4.181],[0,0],[-4.16,4.16],[2.091,2.069],[2.731,0],[0,0],[4.16,-4.16]],"v":[[30.187,-29.633],[15.083,-29.633],[-30.186,15.616],[-30.186,30.699],[-22.634,33.814],[-15.082,30.699],[30.187,-14.549]],"c":true},"ix":2},"nm":"Path 1","mn":"ADBE Vector Shape - Group","hd":false},{"ty":"fl","c":{"a":0,"k":[0,0,0,1],"ix":4},"o":{"a":0,"k":100,"ix":5},"r":1,"bm":0,"nm":"Fill 1","mn":"ADBE Vector Graphic - Fill","hd":false},{"ty":"tr","p":{"a":0,"k":[306.982,76.502],"ix":2},"a":{"a":0,"k":[0,0],"ix":1},"s":{"a":0,"k":[100,100],"ix":3},"r":{"a":0,"k":0,"ix":6},"o":{"a":0,"k":100,"ix":7},"sk":{"a":0,"k":0,"ix":4},"sa":{"a":0,"k":0,"ix":5},"nm":"Transform"}],"nm":"Group 1","np":2,"cix":2,"bm":0,"ix":1,"mn":"ADBE Vector Group","hd":false},{"ty":"gr","it":[{"ind":0,"ty":"sh","ix":1,"ks":{"a":0,"k":{"i":[[4.16,4.16],[4.16,-4.16],[0,0],[-4.16,-4.161],[-2.731,0],[-2.07,2.069],[0,0]],"o":[[-4.16,-4.16],[0,0],[-4.16,4.159],[2.091,2.068],[2.731,0],[0,0],[4.16,-4.16]],"v":[[30.176,-29.643],[15.093,-29.643],[-30.176,15.606],[-30.176,30.689],[-22.624,33.803],[-15.093,30.689],[30.176,-14.56]],"c":true},"ix":2},"nm":"Path 1","mn":"ADBE Vector Shape - Group","hd":false},{"ty":"fl","c":{"a":0,"k":[0,0,0,1],"ix":4},"o":{"a":0,"k":100,"ix":5},"r":1,"bm":0,"nm":"Fill 1","mn":"ADBE Vector Graphic - Fill","hd":false},{"ty":"tr","p":{"a":0,"k":[141.041,242.464],"ix":2},"a":{"a":0,"k":[0,0],"ix":1},"s":{"a":0,"k":[100,100],"ix":3},"r":{"a":0,"k":0,"ix":6},"o":{"a":0,"k":100,"ix":7},"sk":{"a":0,"k":0,"ix":4},"sa":{"a":0,"k":0,"ix":5},"nm":"Transform"}],"nm":"Group 2","np":2,"cix":2,"bm":0,"ix":2,"mn":"ADBE Vector Group","hd":false},{"ty":"gr","it":[{"ind":0,"ty":"sh","ix":1,"ks":{"a":0,"k":{"i":[[4.16,4.16],[0,0],[4.16,-4.16],[-4.16,-4.16],[0,0],[-2.731,0],[-2.07,2.091]],"o":[[0,0],[-4.16,-4.16],[-4.16,4.16],[0,0],[2.091,2.069],[2.731,0],[4.16,-4.16]],"v":[[30.176,15.605],[-15.093,-29.643],[-30.176,-29.643],[-30.176,-14.56],[15.093,30.688],[22.645,33.803],[30.176,30.688]],"c":true},"ix":2},"nm":"Path 1","mn":"ADBE Vector Shape - Group","hd":false},{"ty":"fl","c":{"a":0,"k":[0,0,0,1],"ix":4},"o":{"a":0,"k":100,"ix":5},"r":1,"bm":0,"nm":"Fill 1","mn":"ADBE Vector Graphic - Fill","hd":false},{"ty":"tr","p":{"a":0,"k":[141.041,76.512],"ix":2},"a":{"a":0,"k":[0,0],"ix":1},"s":{"a":0,"k":[100,100],"ix":3},"r":{"a":0,"k":0,"ix":6},"o":{"a":0,"k":100,"ix":7},"sk":{"a":0,"k":0,"ix":4},"sa":{"a":0,"k":0,"ix":5},"nm":"Transform"}],"nm":"Group 3","np":2,"cix":2,"bm":0,"ix":3,"mn":"ADBE Vector Group","hd":false},{"ty":"gr","it":[{"ind":0,"ty":"sh","ix":1,"ks":{"a":0,"k":{"i":[[5.889,0],[0,0],[0,-5.888],[-5.888,0],[0,0],[0,5.888]],"o":[[0,0],[-5.888,0],[0,5.888],[0,0],[5.889,0],[0,-5.888]],"v":[[32,-10.667],[-32,-10.667],[-42.667,0],[-32,10.667],[32,10.667],[42.667,0]],"c":true},"ix":2},"nm":"Path 1","mn":"ADBE Vector Shape - Group","hd":false},{"ty":"fl","c":{"a":0,"k":[0,0,0,1],"ix":4},"o":{"a":0,"k":100,"ix":5},"r":1,"bm":0,"nm":"Fill 1","mn":"ADBE Vector Graphic - Fill","hd":false},{"ty":"tr","p":{"a":0,"k":[341.35,160],"ix":2},"a":{"a":0,"k":[0,0],"ix":1},"s":{"a":0,"k":[100,100],"ix":3},"r":{"a":0,"k":0,"ix":6},"o":{"a":0,"k":100,"ix":7},"sk":{"a":0,"k":0,"ix":4},"sa":{"a":0,"k":0,"ix":5},"nm":"Transform"}],"nm":"Group 4","np":2,"cix":2,"bm":0,"ix":4,"mn":"ADBE Vector Group","hd":false},{"ty":"gr","it":[{"ind":0,"ty":"sh","ix":1,"ks":{"a":0,"k":{"i":[[5.888,0],[0,0],[0,-5.888],[-5.888,0],[0,0],[0,5.888]],"o":[[0,0],[-5.888,0],[0,5.888],[0,0],[5.888,0],[0,-5.888]],"v":[[32,-10.667],[-32,-10.667],[-42.667,0],[-32,10.667],[32,10.667],[42.667,0]],"c":true},"ix":2},"nm":"Path 1","mn":"ADBE Vector Shape - Group","hd":false},{"ty":"fl","c":{"a":0,"k":[0,0,0,1],"ix":4},"o":{"a":0,"k":100,"ix":5},"r":1,"bm":0,"nm":"Fill 1","mn":"ADBE Vector Graphic - Fill","hd":false},{"ty":"tr","p":{"a":0,"k":[106.683,160],"ix":2},"a":{"a":0,"k":[0,0],"ix":1},"s":{"a":0,"k":[100,100],"ix":3},"r":{"a":0,"k":0,"ix":6},"o":{"a":0,"k":100,"ix":7},"sk":{"a":0,"k":0,"ix":4},"sa":{"a":0,"k":0,"ix":5},"nm":"Transform"}],"nm":"Group 5","np":2,"cix":2,"bm":0,"ix":5,"mn":"ADBE Vector Group","hd":false},{"ty":"gr","it":[{"ind":0,"ty":"sh","ix":1,"ks":{"a":0,"k":{"i":[[5.888,0],[0,-5.888],[0,0],[-5.888,0],[0,5.888],[0,0]],"o":[[-5.888,0],[0,0],[0,5.888],[5.888,0],[0,0],[-0.001,-5.888]],"v":[[0,-42.667],[-10.667,-32],[-10.667,32],[0,42.667],[10.667,32],[10.667,-32]],"c":true},"ix":2},"nm":"Path 1","mn":"ADBE Vector Shape - Group","hd":false},{"ty":"fl","c":{"a":0,"k":[0,0,0,1],"ix":4},"o":{"a":0,"k":100,"ix":5},"r":1,"bm":0,"nm":"Fill 1","mn":"ADBE Vector Graphic - Fill","hd":false},{"ty":"tr","p":{"a":0,"k":[224.017,42.667],"ix":2},"a":{"a":0,"k":[0,0],"ix":1},"s":{"a":0,"k":[100,100],"ix":3},"r":{"a":0,"k":0,"ix":6},"o":{"a":0,"k":100,"ix":7},"sk":{"a":0,"k":0,"ix":4},"sa":{"a":0,"k":0,"ix":5},"nm":"Transform"}],"nm":"Group 6","np":2,"cix":2,"bm":0,"ix":6,"mn":"ADBE Vector Group","hd":false}],"ip":0,"op":200,"st":0,"bm":0},{"ddd":0,"ind":3,"ty":4,"nm":"mac_cousor","sr":1,"ks":{"o":{"a":1,"k":[{"i":{"x":[0.667],"y":[1]},"o":{"x":[0.333],"y":[0]},"t":137,"s":[0]},{"i":{"x":[0.667],"y":[1]},"o":{"x":[0.333],"y":[0]},"t":147,"s":[100]},{"i":{"x":[0.667],"y":[1]},"o":{"x":[0.333],"y":[0]},"t":167,"s":[100]},{"t":173,"s":[0]}],"ix":11},"r":{"a":0,"k":0,"ix":10},"p":{"a":1,"k":[{"i":{"x":0.667,"y":1},"o":{"x":0.333,"y":0},"t":137,"s":[171.2,131.6,0],"to":[-1.1,-1.2,0],"ti":[1.1,1.2,0]},{"t":147,"s":[164.6,124.4,0]}],"ix":2},"a":{"a":0,"k":[128,100,0],"ix":1},"s":{"a":1,"k":[{"i":{"x":[0.667,0.667,0.667],"y":[1,1,1]},"o":{"x":[0.333,0.333,0.333],"y":[0,0,0]},"t":147,"s":[100,100,100]},{"i":{"x":[0.667,0.667,0.667],"y":[1,1,1]},"o":{"x":[0.333,0.333,0.333],"y":[0,0,0]},"t":151,"s":[100,100,100]},{"i":{"x":[0.667,0.667,0.667],"y":[1,1,1]},"o":{"x":[0.333,0.333,0.333],"y":[0,0,0]},"t":155,"s":[86,86,100]},{"t":160,"s":[100,100,100]}],"ix":6}},"ao":0,"shapes":[{"ty":"gr","it":[{"ind":0,"ty":"sh","ix":1,"ks":{"a":0,"k":{"i":[[0.096,0.174],[0,0],[0,0],[0.049,0.193],[0.063,0.05],[0,0],[0.121,-0.158],[-0.009,-0.091],[0,0],[-0.198,0.02],[-0.058,0.056],[0,0],[0,0],[-0.174,0.095],[0,0.001],[0,0]],"o":[[0,0],[0,0],[0.193,-0.049],[-0.02,-0.077],[0,0],[-0.158,-0.121],[-0.055,0.072],[0,0],[0.02,0.197],[0.08,-0.008],[0,0],[0,0],[0.095,0.173],[0,0],[0,0],[0.174,-0.095]],"v":[[3.365,4.478],[1.447,1.024],[3.733,0.453],[3.993,0.015],[3.865,-0.18],[-3.456,-5.848],[-3.961,-5.781],[-4.034,-5.527],[-3.107,3.686],[-2.713,4.008],[-2.499,3.909],[-0.809,2.28],[1.104,5.733],[1.591,5.874],[1.592,5.873],[3.224,4.967]],"c":true},"ix":2},"nm":"Path 1","mn":"ADBE Vector Shape - Group","hd":false},{"ty":"fl","c":{"a":0,"k":[0.451019287109,0.451019287109,0.451019287109,1],"ix":4},"o":{"a":0,"k":80,"ix":5},"r":1,"bm":0,"nm":"Fill 1","mn":"ADBE Vector Graphic - Fill","hd":false},{"ty":"tr","p":{"a":0,"k":[128.721,99.877],"ix":2},"a":{"a":0,"k":[0,0],"ix":1},"s":{"a":0,"k":[100,100],"ix":3},"r":{"a":0,"k":0,"ix":6},"o":{"a":0,"k":100,"ix":7},"sk":{"a":0,"k":0,"ix":4},"sa":{"a":0,"k":0,"ix":5},"nm":"Transform"}],"nm":"cousor","np":2,"cix":2,"bm":0,"ix":1,"mn":"ADBE Vector Group","hd":false}],"ip":0,"op":200,"st":0,"bm":0},{"ddd":0,"ind":4,"ty":4,"nm":"mac_screen","sr":1,"ks":{"o":{"a":0,"k":100,"ix":11},"r":{"a":0,"k":0,"ix":10},"p":{"a":0,"k":[160,95,0],"ix":2},"a":{"a":0,"k":[160,95,0],"ix":1},"s":{"a":0,"k":[100,100,100],"ix":6}},"ao":0,"hasMask":true,"masksProperties":[{"inv":false,"mode":"a","pt":{"a":0,"k":{"i":[[0,0],[0,0],[0,0],[0,0]],"o":[[0,0],[0,0],[0,0],[0,0]],"v":[[96.25,74.5],[96.076,133.946],[222,134],[221.75,74.25]],"c":true},"ix":1},"o":{"a":0,"k":100,"ix":3},"x":{"a":0,"k":0,"ix":4},"nm":"Mask 1"}],"shapes":[{"ty":"gr","it":[{"ty":"gr","it":[{"ty":"gr","it":[{"ty":"gr","it":[{"ind":0,"ty":"sh","ix":1,"ks":{"a":0,"k":{"i":[[-1.104,0],[0,0],[0,-1.104],[0,0],[1.104,0],[0,0],[0,1.104],[0,0]],"o":[[0,0],[1.104,0],[0,0],[0,1.104],[0,0],[-1.104,0],[0,0],[0,-1.104]],"v":[[-28,-15],[28,-15],[30,-13],[30,13],[28,15],[-28,15],[-30,13],[-30,-13]],"c":true},"ix":2},"nm":"Path 1","mn":"ADBE Vector Shape - Group","hd":false},{"ty":"fl","c":{"a":0,"k":[0.905882358551,0.909803926945,0.913725495338,1],"ix":4},"o":{"a":0,"k":100,"ix":5},"r":1,"bm":0,"nm":"Fill 1","mn":"ADBE Vector Graphic - Fill","hd":false},{"ty":"tr","p":{"a":0,"k":[181.999,99],"ix":2},"a":{"a":0,"k":[0,0],"ix":1},"s":{"a":0,"k":[100,100],"ix":3},"r":{"a":0,"k":0,"ix":6},"o":{"a":0,"k":100,"ix":7},"sk":{"a":0,"k":0,"ix":4},"sa":{"a":0,"k":0,"ix":5},"nm":"Transform"}],"nm":"Group 51","np":2,"cix":2,"bm":0,"ix":1,"mn":"ADBE Vector Group","hd":false},{"ty":"gr","it":[{"ind":0,"ty":"sh","ix":1,"ks":{"a":0,"k":{"i":[[0,0],[0,0],[0,0],[0,0]],"o":[[0,0],[0,0],[0,0],[0,0]],"v":[[-6,-0.498],[6,-0.498],[6,0.498],[-6,0.498]],"c":true},"ix":2},"nm":"Path 1","mn":"ADBE Vector Shape - Group","hd":false},{"ty":"fl","c":{"a":0,"k":[0.882000014361,0.889999988032,0.902000038297,1],"ix":4},"o":{"a":0,"k":100,"ix":5},"r":1,"bm":0,"nm":"Fill 1","mn":"ADBE Vector Graphic - Fill","hd":false},{"ty":"tr","p":{"a":0,"k":[181.998,129.498],"ix":2},"a":{"a":0,"k":[0,0],"ix":1},"s":{"a":0,"k":[100,100],"ix":3},"r":{"a":0,"k":0,"ix":6},"o":{"a":0,"k":100,"ix":7},"sk":{"a":0,"k":0,"ix":4},"sa":{"a":0,"k":0,"ix":5},"nm":"Transform"}],"nm":"Group 52","np":2,"cix":2,"bm":0,"ix":2,"mn":"ADBE Vector Group","hd":false},{"ty":"gr","it":[{"ind":0,"ty":"sh","ix":1,"ks":{"a":0,"k":{"i":[[0,0],[0,0],[0,0],[0,0]],"o":[[0,0],[0,0],[0,0],[0,0]],"v":[[-26,-0.498],[26,-0.498],[26,0.498],[-26,0.498]],"c":true},"ix":2},"nm":"Path 1","mn":"ADBE Vector Shape - Group","hd":false},{"ty":"fl","c":{"a":0,"k":[0.882000014361,0.889999988032,0.902000038297,1],"ix":4},"o":{"a":0,"k":100,"ix":5},"r":1,"bm":0,"nm":"Fill 1","mn":"ADBE Vector Graphic - Fill","hd":false},{"ty":"tr","p":{"a":0,"k":[179.998,122.498],"ix":2},"a":{"a":0,"k":[0,0],"ix":1},"s":{"a":0,"k":[100,100],"ix":3},"r":{"a":0,"k":0,"ix":6},"o":{"a":0,"k":100,"ix":7},"sk":{"a":0,"k":0,"ix":4},"sa":{"a":0,"k":0,"ix":5},"nm":"Transform"}],"nm":"Group 53","np":2,"cix":2,"bm":0,"ix":3,"mn":"ADBE Vector Group","hd":false},{"ty":"gr","it":[{"ind":0,"ty":"sh","ix":1,"ks":{"a":0,"k":{"i":[[0,0],[0,0],[0,0],[0,0]],"o":[[0,0],[0,0],[0,0],[0,0]],"v":[[-9,-0.498],[9,-0.498],[9,0.498],[-9,0.498]],"c":true},"ix":2},"nm":"Path 1","mn":"ADBE Vector Shape - Group","hd":false},{"ty":"fl","c":{"a":0,"k":[0.882000014361,0.889999988032,0.902000038297,1],"ix":4},"o":{"a":0,"k":100,"ix":5},"r":1,"bm":0,"nm":"Fill 1","mn":"ADBE Vector Graphic - Fill","hd":false},{"ty":"tr","p":{"a":0,"k":[162.998,129.498],"ix":2},"a":{"a":0,"k":[0,0],"ix":1},"s":{"a":0,"k":[100,100],"ix":3},"r":{"a":0,"k":0,"ix":6},"o":{"a":0,"k":100,"ix":7},"sk":{"a":0,"k":0,"ix":4},"sa":{"a":0,"k":0,"ix":5},"nm":"Transform"}],"nm":"Group 54","np":2,"cix":2,"bm":0,"ix":4,"mn":"ADBE Vector Group","hd":false},{"ty":"gr","it":[{"ind":0,"ty":"sh","ix":1,"ks":{"a":0,"k":{"i":[[-1.104,0],[0,0],[0,-1.104],[0,0],[1.104,0],[0,0],[0,1.104],[0,0]],"o":[[0,0],[1.104,0],[0,0],[0,1.104],[0,0],[-1.104,0],[0,0],[0,-1.104]],"v":[[-18,-13.507],[18,-13.507],[20,-11.507],[20,24.493],[18,26.493],[-18,26.493],[-20,24.493],[-20,-11.507]],"c":true},"ix":2},"nm":"Path 1","mn":"ADBE Vector Shape - Group","hd":false},{"ty":"fl","c":{"a":0,"k":[0.905882358551,0.909803926945,0.913725495338,1],"ix":4},"o":{"a":0,"k":100,"ix":5},"r":1,"bm":0,"nm":"Fill 1","mn":"ADBE Vector Graphic - Fill","hd":false},{"ty":"tr","p":{"a":0,"k":[125.998,120.507],"ix":2},"a":{"a":0,"k":[0,0],"ix":1},"s":{"a":0,"k":[100,100],"ix":3},"r":{"a":0,"k":0,"ix":6},"o":{"a":0,"k":100,"ix":7},"sk":{"a":0,"k":0,"ix":4},"sa":{"a":0,"k":0,"ix":5},"nm":"Transform"}],"nm":"Group 55","np":2,"cix":2,"bm":0,"ix":5,"mn":"ADBE Vector Group","hd":false},{"ty":"gr","it":[{"ind":0,"ty":"sh","ix":1,"ks":{"a":0,"k":{"i":[[-1.294,0.032],[0,0],[0.031,-1.294],[0,0],[1.294,-0.032],[0,0],[-0.031,1.294],[0,0]],"o":[[0,0],[1.294,0.032],[0,0],[0.031,1.294],[0,0],[-1.294,-0.032],[0,0],[-0.031,-1.294]],"v":[[-17.714,-9],[17.714,-9],[20,-6.6],[20,6.6],[17.714,9],[-17.714,9],[-20,6.6],[-20,-6.6]],"c":true},"ix":2},"nm":"Path 1","mn":"ADBE Vector Shape - Group","hd":false},{"ty":"fl","c":{"a":0,"k":[0.905882358551,0.909803926945,0.913725495338,1],"ix":4},"o":{"a":0,"k":100,"ix":5},"r":1,"bm":0,"nm":"Fill 1","mn":"ADBE Vector Graphic - Fill","hd":false},{"ty":"tr","p":{"a":0,"k":[125.999,93],"ix":2},"a":{"a":0,"k":[0,0],"ix":1},"s":{"a":0,"k":[100,100],"ix":3},"r":{"a":0,"k":0,"ix":6},"o":{"a":0,"k":100,"ix":7},"sk":{"a":0,"k":0,"ix":4},"sa":{"a":0,"k":0,"ix":5},"nm":"Transform"}],"nm":"Group 56","np":2,"cix":2,"bm":0,"ix":6,"mn":"ADBE Vector Group","hd":false},{"ty":"tr","p":{"a":0,"k":[160,95],"ix":2},"a":{"a":0,"k":[160,95],"ix":1},"s":{"a":0,"k":[100,100],"ix":3},"r":{"a":0,"k":0,"ix":6},"o":{"a":0,"k":100,"ix":7},"sk":{"a":0,"k":0,"ix":4},"sa":{"a":0,"k":0,"ix":5},"nm":"Transform"}],"nm":"contents","np":6,"cix":2,"bm":0,"ix":1,"mn":"ADBE Vector Group","hd":false},{"ty":"tr","p":{"a":1,"k":[{"i":{"x":0.667,"y":0.679},"o":{"x":0.333,"y":0},"t":78,"s":[160,95],"to":[-2.903,0],"ti":[34.752,0]},{"i":{"x":0.667,"y":1},"o":{"x":0.333,"y":0.778},"t":90,"s":[65.138,95],"to":[-14.271,0],"ti":[1.382,0]},{"i":{"x":0.833,"y":1},"o":{"x":0.167,"y":0},"t":98,"s":[39,95],"to":[-20.167,0],"ti":[20.167,0]},{"i":{"x":0.686,"y":0.703},"o":{"x":0.282,"y":0},"t":172,"s":[280,95],"to":[-1.523,0],"ti":[34.826,0]},{"i":{"x":0.745,"y":1},"o":{"x":0.396,"y":0.936},"t":184,"s":[185.25,95],"to":[-13.678,0],"ti":[1.531,0]},{"t":192,"s":[160,95]}],"ix":2},"a":{"a":0,"k":[160,95],"ix":1},"s":{"a":0,"k":[100,100],"ix":3},"r":{"a":0,"k":0,"ix":6},"o":{"a":1,"k":[{"i":{"x":[0.667],"y":[0.679]},"o":{"x":[0.333],"y":[0]},"t":78,"s":[100]},{"i":{"x":[0.667],"y":[1]},"o":{"x":[0.333],"y":[0.778]},"t":90,"s":[21.6]},{"i":{"x":[0.833],"y":[1]},"o":{"x":[0.167],"y":[0]},"t":98,"s":[0]},{"i":{"x":[0.686],"y":[0.703]},"o":{"x":[0.282],"y":[0]},"t":172,"s":[0]},{"i":{"x":[0.745],"y":[1]},"o":{"x":[0.396],"y":[0.936]},"t":184,"s":[78.959]},{"t":192,"s":[100]}],"ix":7},"sk":{"a":0,"k":0,"ix":4},"sa":{"a":0,"k":0,"ix":5},"nm":"Transform"}],"nm":"contents","np":2,"cix":2,"bm":0,"ix":1,"mn":"ADBE Vector Group","hd":false},{"ty":"tr","p":{"a":0,"k":[160,95],"ix":2},"a":{"a":0,"k":[160,95],"ix":1},"s":{"a":0,"k":[100,100],"ix":3},"r":{"a":0,"k":0,"ix":6},"o":{"a":0,"k":100,"ix":7},"sk":{"a":0,"k":0,"ix":4},"sa":{"a":0,"k":0,"ix":5},"nm":"Transform"}],"nm":"mac","np":1,"cix":2,"bm":0,"ix":1,"mn":"ADBE Vector Group","hd":false},{"ty":"gr","it":[{"ty":"gr","it":[{"ind":0,"ty":"sh","ix":1,"ks":{"a":0,"k":{"i":[[-0.023,1.128],[-1.129,0.026],[0.024,-1.129],[1.128,-0.024]],"o":[[-0.024,-1.129],[1.129,0.026],[0.023,1.129],[-1.128,-0.024]],"v":[[-2,-2.41],[0,-4.5],[2,-2.41],[0,-0.323]],"c":true},"ix":2},"nm":"Path 1","mn":"ADBE Vector Shape - Group","hd":false},{"ind":1,"ty":"sh","ix":2,"ks":{"a":0,"k":{"i":[[0,0],[0,0],[-1.335,0],[0,-1.388],[0,0]],"o":[[0,0],[0,-1.389],[1.335,0],[0,0],[0,0]],"v":[[-4,4.5],[-4,2.932],[0,0.844],[4,2.932],[4,4.5]],"c":true},"ix":2},"nm":"Path 2","mn":"ADBE Vector Shape - Group","hd":false},{"ty":"fl","c":{"a":0,"k":[1,1,1,1],"ix":4},"o":{"a":0,"k":100,"ix":5},"r":1,"bm":0,"nm":"Fill 1","mn":"ADBE Vector Graphic - Fill","hd":false},{"ty":"tr","p":{"a":0,"k":[158.999,101.5],"ix":2},"a":{"a":0,"k":[0,0],"ix":1},"s":{"a":0,"k":[100,100],"ix":3},"r":{"a":0,"k":0,"ix":6},"o":{"a":0,"k":100,"ix":7},"sk":{"a":0,"k":0,"ix":4},"sa":{"a":0,"k":0,"ix":5},"nm":"Transform"}],"nm":"ico_user","np":3,"cix":2,"bm":0,"ix":1,"mn":"ADBE Vector Group","hd":false},{"ty":"gr","it":[{"ind":0,"ty":"sh","ix":1,"ks":{"a":0,"k":{"i":[[0,0],[-1.342,-0.317],[-0.44,-1.17],[0.098,-1.376],[0,0],[0.317,-1.342],[1.17,-0.439],[1.375,0.099],[0,0],[1.342,0.317],[0.439,1.171],[-0.099,1.375],[0,0],[-0.318,1.342],[-1.171,0.439],[-1.376,-0.099]],"o":[[1.375,-0.097],[1.17,0.439],[0.319,1.342],[0,0],[0.096,1.376],[-0.44,1.17],[-1.342,0.319],[0,0],[-1.376,0.097],[-1.171,-0.439],[-0.32,-1.342],[0,0],[-0.097,-1.375],[0.439,-1.171],[1.341,-0.319],[0,0]],"v":[[3.034,-10],[7.133,-9.667],[9.667,-7.134],[10.001,-3.033],[10.001,3.034],[9.667,7.134],[7.135,9.667],[3.035,10],[-3.033,10],[-7.132,9.667],[-9.667,7.133],[-9.999,3.033],[-9.999,-3.033],[-9.667,-7.133],[-7.132,-9.667],[-3.033,-10]],"c":true},"ix":2},"nm":"Path 1","mn":"ADBE Vector Shape - Group","hd":false},{"ty":"fl","c":{"a":0,"k":[0.651000019148,0.681999954523,0.757000014361,1],"ix":4},"o":{"a":0,"k":100,"ix":5},"r":1,"bm":0,"nm":"Fill 1","mn":"ADBE Vector Graphic - Fill","hd":false},{"ty":"tr","p":{"a":0,"k":[158.999,101.001],"ix":2},"a":{"a":0,"k":[0,0],"ix":1},"s":{"a":0,"k":[100,100],"ix":3},"r":{"a":0,"k":0,"ix":6},"o":{"a":0,"k":100,"ix":7},"sk":{"a":0,"k":0,"ix":4},"sa":{"a":0,"k":0,"ix":5},"nm":"Transform"}],"nm":"bg_user","np":2,"cix":2,"bm":0,"ix":2,"mn":"ADBE Vector Group","hd":false},{"ty":"gr","it":[{"ind":0,"ty":"sh","ix":1,"ks":{"a":0,"k":{"i":[[-0.332,0],[0,0],[0,-0.331],[0,0],[0.331,0],[0,0],[0,0.331],[0,0]],"o":[[0,0],[0.331,0],[0,0],[0,0.331],[0,0],[-0.332,0],[0,0],[0,-0.331]],"v":[[-12.4,-2.5],[12.4,-2.5],[13,-1.9],[13,1.9],[12.4,2.5],[-12.4,2.5],[-13,1.9],[-13,-1.9]],"c":true},"ix":2},"nm":"Path 1","mn":"ADBE Vector Shape - Group","hd":false},{"ty":"fl","c":{"a":0,"k":[0.898039221764,0.901960790157,0.905882358551,1],"ix":4},"o":{"a":0,"k":100,"ix":5},"r":1,"bm":0,"nm":"Fill 1","mn":"ADBE Vector Graphic - Fill","hd":false},{"ty":"tr","p":{"a":0,"k":[158.999,117.501],"ix":2},"a":{"a":0,"k":[0,0],"ix":1},"s":{"a":0,"k":[100,100],"ix":3},"r":{"a":0,"k":0,"ix":6},"o":{"a":0,"k":100,"ix":7},"sk":{"a":0,"k":0,"ix":4},"sa":{"a":0,"k":0,"ix":5},"nm":"Transform"}],"nm":"text_feild","np":2,"cix":2,"bm":0,"ix":3,"mn":"ADBE Vector Group","hd":false},{"ty":"tr","p":{"a":1,"k":[{"i":{"x":0.667,"y":0.566},"o":{"x":0.333,"y":0},"t":86,"s":[259.999,105.484],"to":[-2.515,0],"ti":[7.538,0]},{"i":{"x":0.667,"y":0.791},"o":{"x":0.333,"y":0.271},"t":91,"s":[238.206,105.484],"to":[-21.371,0],"ti":[16.03,0]},{"i":{"x":0.667,"y":1},"o":{"x":0.333,"y":0.772},"t":101,"s":[168.45,105.484],"to":[-5.076,0],"ti":[0.935,0]},{"t":106,"s":[158.999,105.484],"h":1},{"i":{"x":0.667,"y":0.733},"o":{"x":0.333,"y":0},"t":166,"s":[158.999,105.484],"to":[0,0],"ti":[22.781,0]},{"i":{"x":0.667,"y":1},"o":{"x":0.333,"y":0.96},"t":178,"s":[90.655,105.484],"to":[-7.594,0],"ti":[0,0]},{"t":186,"s":[77.999,105.484]}],"ix":2},"a":{"a":0,"k":[158.999,105.484],"ix":1},"s":{"a":0,"k":[100,100],"ix":3},"r":{"a":0,"k":0,"ix":6},"o":{"a":1,"k":[{"i":{"x":[0.667],"y":[0.684]},"o":{"x":[0.333],"y":[0]},"t":91,"s":[0]},{"i":{"x":[0.667],"y":[1]},"o":{"x":[0.333],"y":[0.743]},"t":101,"s":[82.459]},{"t":106,"s":[100],"h":1},{"i":{"x":[0.667],"y":[0.733]},"o":{"x":[0.333],"y":[0]},"t":166,"s":[100]},{"i":{"x":[0.667],"y":[1]},"o":{"x":[0.333],"y":[0.96]},"t":178,"s":[15.625]},{"t":186,"s":[0]}],"ix":7},"sk":{"a":0,"k":0,"ix":4},"sa":{"a":0,"k":0,"ix":5},"nm":"Transform"}],"nm":"form_login","np":3,"cix":2,"bm":0,"ix":2,"mn":"ADBE Vector Group","hd":false}],"ip":0,"op":200,"st":0,"bm":0},{"ddd":0,"ind":6,"ty":4,"nm":"plant","sr":1,"ks":{"o":{"a":0,"k":100,"ix":11},"r":{"a":0,"k":0,"ix":10},"p":{"a":0,"k":[160,95,0],"ix":2},"a":{"a":0,"k":[160,95,0],"ix":1},"s":{"a":0,"k":[100,100,100],"ix":6}},"ao":0,"shapes":[{"ty":"gr","it":[{"ty":"gr","it":[{"ind":0,"ty":"sh","ix":1,"ks":{"a":0,"k":{"i":[[0,0],[0,0],[0,0],[0,0],[0,1.657]],"o":[[0,0],[0,0],[0,0],[-1.657,0],[0,0]],"v":[[-2.5,-11.5],[2.5,-11.5],[2.5,11.5],[0.5,11.5],[-2.5,8.5]],"c":true},"ix":2},"nm":"Path 1","mn":"ADBE Vector Shape - Group","hd":false},{"ty":"fl","c":{"a":0,"k":[0.795999983245,0.8,0.808000033509,1],"ix":4},"o":{"a":0,"k":100,"ix":5},"r":1,"bm":0,"nm":"Fill 1","mn":"ADBE Vector Graphic - Fill","hd":false},{"ty":"tr","p":{"a":0,"k":[40.5,161.5],"ix":2},"a":{"a":0,"k":[0,0],"ix":1},"s":{"a":0,"k":[100,100],"ix":3},"r":{"a":0,"k":0,"ix":6},"o":{"a":0,"k":100,"ix":7},"sk":{"a":0,"k":0,"ix":4},"sa":{"a":0,"k":0,"ix":5},"nm":"Transform"}],"nm":"shadow","np":2,"cix":2,"bm":0,"ix":1,"mn":"ADBE Vector Group","hd":false},{"ty":"gr","it":[{"ind":0,"ty":"sh","ix":1,"ks":{"a":0,"k":{"i":[[0,0],[0,0],[0,0],[1.657,0],[0,0],[0,1.657]],"o":[[0,0],[0,0],[0,1.657],[0,0],[-1.657,0],[0,0]],"v":[[-13,-11.5],[13,-11.5],[13,8.5],[10,11.5],[-10,11.5],[-13,8.5]],"c":true},"ix":2},"nm":"Path 1","mn":"ADBE Vector Shape - Group","hd":false},{"ty":"fl","c":{"a":0,"k":[0.855000035903,0.859000052658,0.870999983245,1],"ix":4},"o":{"a":0,"k":100,"ix":5},"r":1,"bm":0,"nm":"Fill 1","mn":"ADBE Vector Graphic - Fill","hd":false},{"ty":"tr","p":{"a":0,"k":[51,161.5],"ix":2},"a":{"a":0,"k":[0,0],"ix":1},"s":{"a":0,"k":[100,100],"ix":3},"r":{"a":0,"k":0,"ix":6},"o":{"a":0,"k":100,"ix":7},"sk":{"a":0,"k":0,"ix":4},"sa":{"a":0,"k":0,"ix":5},"nm":"Transform"}],"nm":"bg","np":2,"cix":2,"bm":0,"ix":2,"mn":"ADBE Vector Group","hd":false},{"ty":"gr","it":[{"ty":"gr","it":[{"ind":0,"ty":"sh","ix":1,"ks":{"a":0,"k":{"i":[[0,0],[-2.607,13.839],[5.675,-18.539]],"o":[[0,0],[0,0],[0,0]],"v":[[-6.129,10.445],[8.5,-10.445],[-8.5,10.445]],"c":false},"ix":2},"nm":"Path 1","mn":"ADBE Vector Shape - Group","hd":false},{"ty":"fl","c":{"a":0,"k":[0.702000038297,0.795999983245,0.769000004787,1],"ix":4},"o":{"a":0,"k":100,"ix":5},"r":1,"bm":0,"nm":"Fill 1","mn":"ADBE Vector Graphic - Fill","hd":false},{"ty":"tr","p":{"a":1,"k":[{"i":{"x":0.833,"y":0.833},"o":{"x":0.167,"y":0.167},"t":0,"s":[59.497,142.555],"to":[0,0.167],"ti":[0,0]},{"i":{"x":0.833,"y":0.833},"o":{"x":0.167,"y":0.167},"t":56,"s":[59.497,143.555],"to":[0,0],"ti":[0,0.167]},{"i":{"x":0.833,"y":0.833},"o":{"x":0.167,"y":0.167},"t":108,"s":[59.497,142.555],"to":[0,0],"ti":[0,0]},{"t":145,"s":[59.497,142.555]}],"ix":2},"a":{"a":0,"k":[0,0],"ix":1},"s":{"a":0,"k":[100,100],"ix":3},"r":{"a":1,"k":[{"i":{"x":[0.833],"y":[0.833]},"o":{"x":[0.167],"y":[0.167]},"t":0,"s":[0]},{"i":{"x":[0.833],"y":[0.833]},"o":{"x":[0.167],"y":[0.167]},"t":35,"s":[3]},{"i":{"x":[0.833],"y":[0.833]},"o":{"x":[0.167],"y":[0.167]},"t":71,"s":[0]},{"i":{"x":[0.833],"y":[0.833]},"o":{"x":[0.167],"y":[0.167]},"t":108,"s":[3]},{"t":145,"s":[0]}],"ix":6},"o":{"a":0,"k":100,"ix":7},"sk":{"a":0,"k":0,"ix":4},"sa":{"a":0,"k":0,"ix":5},"nm":"Transform"}],"nm":"leaf_4","np":2,"cix":2,"bm":0,"ix":1,"mn":"ADBE Vector Group","hd":false},{"ty":"gr","it":[{"ty":"gr","it":[{"ind":0,"ty":"sh","ix":1,"ks":{"a":0,"k":{"i":[[0,0],[2.886,13.785]],"o":[[0,0],[0,0]],"v":[[-4.204,12.456],[1.318,-12.456]],"c":false},"ix":2},"nm":"Path 1","mn":"ADBE Vector Shape - Group","hd":false},{"ty":"fl","c":{"a":0,"k":[0.603999956916,0.709999952129,0.677999997606,1],"ix":4},"o":{"a":0,"k":100,"ix":5},"r":1,"bm":0,"nm":"Fill 1","mn":"ADBE Vector Graphic - Fill","hd":false},{"ty":"tr","p":{"a":0,"k":[56.746,139.456],"ix":2},"a":{"a":0,"k":[0,0],"ix":1},"s":{"a":0,"k":[100,100],"ix":3},"r":{"a":0,"k":0,"ix":6},"o":{"a":0,"k":100,"ix":7},"sk":{"a":0,"k":0,"ix":4},"sa":{"a":0,"k":0,"ix":5},"nm":"Transform"}],"nm":"Group 44","np":2,"cix":2,"bm":0,"ix":1,"mn":"ADBE Vector Group","hd":false},{"ty":"gr","it":[{"ind":0,"ty":"sh","ix":1,"ks":{"a":0,"k":{"i":[[0,0],[-1.847,-19.304]],"o":[[0,0],[0,0]],"v":[[4.781,-12.91],[-2.934,12.911]],"c":false},"ix":2},"nm":"Path 1","mn":"ADBE Vector Shape - Group","hd":false},{"ty":"fl","c":{"a":0,"k":[0.702000038297,0.795999983245,0.769000004787,1],"ix":4},"o":{"a":0,"k":100,"ix":5},"r":1,"bm":0,"nm":"Fill 1","mn":"ADBE Vector Graphic - Fill","hd":false},{"ty":"tr","p":{"a":0,"k":[53.284,139.91],"ix":2},"a":{"a":0,"k":[0,0],"ix":1},"s":{"a":0,"k":[100,100],"ix":3},"r":{"a":0,"k":0,"ix":6},"o":{"a":0,"k":100,"ix":7},"sk":{"a":0,"k":0,"ix":4},"sa":{"a":0,"k":0,"ix":5},"nm":"Transform"}],"nm":"Group 45","np":2,"cix":2,"bm":0,"ix":2,"mn":"ADBE Vector Group","hd":false},{"ty":"tr","p":{"a":1,"k":[{"i":{"x":0.833,"y":0.833},"o":{"x":0.167,"y":0.167},"t":0,"s":[54.391,139.91],"to":[0,0],"ti":[0,0]},{"i":{"x":0.833,"y":0.833},"o":{"x":0.167,"y":0.167},"t":56,"s":[54.391,139.911],"to":[0,0],"ti":[0,0]},{"t":145,"s":[54.391,139.91]}],"ix":2},"a":{"a":0,"k":[54.391,139.91],"ix":1},"s":{"a":0,"k":[100,100],"ix":3},"r":{"a":1,"k":[{"i":{"x":[0.833],"y":[0.833]},"o":{"x":[0.167],"y":[0.167]},"t":0,"s":[-2]},{"i":{"x":[0.833],"y":[0.833]},"o":{"x":[0.167],"y":[0.167]},"t":35,"s":[0]},{"i":{"x":[0.833],"y":[0.833]},"o":{"x":[0.167],"y":[0.167]},"t":71,"s":[-2]},{"i":{"x":[0.833],"y":[0.833]},"o":{"x":[0.167],"y":[0.167]},"t":108,"s":[0]},{"t":145,"s":[-2]}],"ix":6},"o":{"a":0,"k":100,"ix":7},"sk":{"a":0,"k":0,"ix":4},"sa":{"a":0,"k":0,"ix":5},"nm":"Transform"}],"nm":"leaf_3","np":2,"cix":2,"bm":0,"ix":2,"mn":"ADBE Vector Group","hd":false},{"ty":"gr","it":[{"ty":"gr","it":[{"ind":0,"ty":"sh","ix":1,"ks":{"a":0,"k":{"i":[[0,0],[-2.558,13.849]],"o":[[0,0],[0,0]],"v":[[4.335,12.387],[-1.777,-12.386]],"c":false},"ix":2},"nm":"Path 1","mn":"ADBE Vector Shape - Group","hd":false},{"ty":"fl","c":{"a":0,"k":[0.702000038297,0.795999983245,0.769000004787,1],"ix":4},"o":{"a":0,"k":100,"ix":5},"r":1,"bm":0,"nm":"Fill 1","mn":"ADBE Vector Graphic - Fill","hd":false},{"ty":"tr","p":{"a":0,"k":[45.408,139.482],"ix":2},"a":{"a":0,"k":[0,0],"ix":1},"s":{"a":0,"k":[100,100],"ix":3},"r":{"a":0,"k":0,"ix":6},"o":{"a":0,"k":100,"ix":7},"sk":{"a":0,"k":0,"ix":4},"sa":{"a":0,"k":0,"ix":5},"nm":"Transform"}],"nm":"Group 46","np":2,"cix":2,"bm":0,"ix":1,"mn":"ADBE Vector Group","hd":false},{"ty":"gr","it":[{"ind":0,"ty":"sh","ix":1,"ks":{"a":0,"k":{"i":[[0,0],[1.389,-19.342]],"o":[[0,0],[0,0]],"v":[[-4.856,-12.815],[3.467,12.815]],"c":false},"ix":2},"nm":"Path 1","mn":"ADBE Vector Shape - Group","hd":false},{"ty":"fl","c":{"a":0,"k":[0.603999956916,0.709999952129,0.677999997606,1],"ix":4},"o":{"a":0,"k":100,"ix":5},"r":1,"bm":0,"nm":"Fill 1","mn":"ADBE Vector Graphic - Fill","hd":false},{"ty":"tr","p":{"a":0,"k":[48.487,139.91],"ix":2},"a":{"a":0,"k":[0,0],"ix":1},"s":{"a":0,"k":[100,100],"ix":3},"r":{"a":0,"k":0,"ix":6},"o":{"a":0,"k":100,"ix":7},"sk":{"a":0,"k":0,"ix":4},"sa":{"a":0,"k":0,"ix":5},"nm":"Transform"}],"nm":"Group 47","np":2,"cix":2,"bm":0,"ix":2,"mn":"ADBE Vector Group","hd":false},{"ty":"tr","p":{"a":1,"k":[{"i":{"x":0.833,"y":0.833},"o":{"x":0.167,"y":0.167},"t":0,"s":[47.624,139.91],"to":[0,0.167],"ti":[0,0]},{"i":{"x":0.833,"y":0.833},"o":{"x":0.167,"y":0.167},"t":56,"s":[47.624,140.91],"to":[0,0],"ti":[0,0.167]},{"i":{"x":0.833,"y":0.833},"o":{"x":0.167,"y":0.167},"t":108,"s":[47.624,139.91],"to":[0,0],"ti":[0,0]},{"t":145,"s":[47.624,139.91]}],"ix":2},"a":{"a":0,"k":[47.624,139.91],"ix":1},"s":{"a":0,"k":[100,100],"ix":3},"r":{"a":1,"k":[{"i":{"x":[0.833],"y":[0.833]},"o":{"x":[0.167],"y":[0.167]},"t":0,"s":[0]},{"i":{"x":[0.833],"y":[0.833]},"o":{"x":[0.167],"y":[0.167]},"t":35,"s":[3]},{"i":{"x":[0.833],"y":[0.833]},"o":{"x":[0.167],"y":[0.167]},"t":71,"s":[0]},{"i":{"x":[0.833],"y":[0.833]},"o":{"x":[0.167],"y":[0.167]},"t":108,"s":[3]},{"t":145,"s":[0]}],"ix":6},"o":{"a":0,"k":100,"ix":7},"sk":{"a":0,"k":0,"ix":4},"sa":{"a":0,"k":0,"ix":5},"nm":"Transform"}],"nm":"leaf_2","np":2,"cix":2,"bm":0,"ix":3,"mn":"ADBE Vector Group","hd":false},{"ty":"gr","it":[{"ind":0,"ty":"sh","ix":1,"ks":{"a":0,"k":{"i":[[0,0],[2.606,13.842],[-5.676,-18.539]],"o":[[0,0],[0,0],[0,0]],"v":[[6.128,10.446],[-8.5,-10.446],[8.5,10.444]],"c":false},"ix":2},"nm":"Path 1","mn":"ADBE Vector Shape - Group","hd":false},{"ty":"fl","c":{"a":0,"k":[0.702000038297,0.795999983245,0.769000004787,1],"ix":4},"o":{"a":0,"k":100,"ix":5},"r":1,"bm":0,"nm":"Fill 1","mn":"ADBE Vector Graphic - Fill","hd":false},{"ty":"tr","p":{"a":1,"k":[{"i":{"x":0.833,"y":0.833},"o":{"x":0.167,"y":0.167},"t":0,"s":[42.5,142.554],"to":[0,0],"ti":[0,0]},{"t":145,"s":[42.5,142.554]}],"ix":2},"a":{"a":0,"k":[0,0],"ix":1},"s":{"a":0,"k":[100,100],"ix":3},"r":{"a":1,"k":[{"i":{"x":[0.833],"y":[0.833]},"o":{"x":[0.167],"y":[0.167]},"t":0,"s":[-3]},{"i":{"x":[0.833],"y":[0.833]},"o":{"x":[0.167],"y":[0.167]},"t":35,"s":[0]},{"i":{"x":[0.833],"y":[0.833]},"o":{"x":[0.167],"y":[0.167]},"t":71,"s":[-3]},{"i":{"x":[0.833],"y":[0.833]},"o":{"x":[0.167],"y":[0.167]},"t":108,"s":[0]},{"t":145,"s":[-3]}],"ix":6},"o":{"a":0,"k":100,"ix":7},"sk":{"a":0,"k":0,"ix":4},"sa":{"a":0,"k":0,"ix":5},"nm":"Transform"}],"nm":"leaf_1","np":2,"cix":2,"bm":0,"ix":4,"mn":"ADBE Vector Group","hd":false},{"ty":"tr","p":{"a":0,"k":[50.999,140],"ix":2},"a":{"a":0,"k":[50.999,140],"ix":1},"s":{"a":0,"k":[100,100],"ix":3},"r":{"a":1,"k":[{"i":{"x":[0.667],"y":[1]},"o":{"x":[0.333],"y":[0]},"t":15,"s":[0]},{"i":{"x":[0.667],"y":[1]},"o":{"x":[0.333],"y":[0]},"t":45,"s":[3]},{"i":{"x":[0.667],"y":[1]},"o":{"x":[0.333],"y":[0]},"t":105,"s":[-3]},{"t":135,"s":[0]}],"ix":6},"o":{"a":0,"k":100,"ix":7},"sk":{"a":0,"k":0,"ix":4},"sa":{"a":0,"k":0,"ix":5},"nm":"Transform"}],"nm":"leaf","np":4,"cix":2,"bm":0,"ix":3,"mn":"ADBE Vector Group","hd":false},{"ty":"tr","p":{"a":0,"k":[160,95],"ix":2},"a":{"a":0,"k":[160,95],"ix":1},"s":{"a":0,"k":[100,100],"ix":3},"r":{"a":0,"k":0,"ix":6},"o":{"a":0,"k":100,"ix":7},"sk":{"a":0,"k":0,"ix":4},"sa":{"a":0,"k":0,"ix":5},"nm":"Transform"}],"nm":"plants","np":3,"cix":2,"bm":0,"ix":1,"mn":"ADBE Vector Group","hd":false}],"ip":0,"op":200,"st":0,"bm":0},{"ddd":0,"ind":7,"ty":4,"nm":"mug_steam 2","sr":1,"ks":{"o":{"a":0,"k":100,"ix":11},"r":{"a":0,"k":0,"ix":10},"p":{"a":0,"k":[160,95,0],"ix":2},"a":{"a":0,"k":[160,95,0],"ix":1},"s":{"a":0,"k":[100,100,100],"ix":6}},"ao":0,"shapes":[{"ty":"gr","it":[{"ind":0,"ty":"sh","ix":1,"ks":{"a":0,"k":{"i":[[0,0],[-0.837,0.001],[-0.002,-0.836],[0.835,-0.002],[0.001,0.836],[0,0]],"o":[[-0.001,-0.837],[0.836,0.001],[0.002,0.835],[-0.836,0.001],[0,0],[0,0]],"v":[[11.559,-17.486],[13.074,-19.005],[14.589,-17.49],[13.08,-15.972],[11.564,-17.484],[11.564,-17.486]],"c":true},"ix":2},"nm":"Path 1","mn":"ADBE Vector Shape - Group","hd":false},{"ind":1,"ty":"sh","ix":2,"ks":{"a":0,"k":{"i":[[0,0],[0.002,0.837],[0,0],[-0.838,0.001],[0,0],[-0.001,-0.835],[0.837,-0.002],[0,0]],"o":[[-0.838,0.002],[0,0],[0.001,-0.837],[0,0],[0.836,0.001],[0.002,0.838],[0,0],[0,0]],"v":[[-12.36,-12.986],[-13.88,-14.501],[-13.88,-14.503],[-12.363,-16.02],[-2.648,-16.02],[-1.133,-14.507],[-2.645,-12.985],[-12.36,-12.985]],"c":true},"ix":2},"nm":"Path 2","mn":"ADBE Vector Shape - Group","hd":false},{"ind":2,"ty":"sh","ix":3,"ks":{"a":0,"k":{"i":[[0,0],[0,0],[-0.022,0.839],[-0.807,0.02],[0,0],[0,-0.838],[0.836,-0.003]],"o":[[0,0],[-0.838,-0.021],[0.021,-0.808],[0,0],[0.838,0],[0.003,0.836],[0,0]],"v":[[18.487,2.26],[13.918,2.26],[12.439,0.702],[13.918,-0.777],[18.482,-0.777],[19.998,0.74],[18.49,2.257]],"c":true},"ix":2},"nm":"Path 3","mn":"ADBE Vector Shape - Group","hd":false},{"ind":3,"ty":"sh","ix":4,"ks":{"a":0,"k":{"i":[[0,0],[-0.839,0.001],[-0.001,-0.837],[0.838,0.022],[0.022,0.807]],"o":[[0,-0.839],[0.837,0.001],[-0.022,0.838],[-0.807,-0.02],[0,0]],"v":[[-16.795,9.86],[-15.276,8.34],[-13.759,9.857],[-15.315,11.333],[-16.793,9.857]],"c":true},"ix":2},"nm":"Path 4","mn":"ADBE Vector Shape - Group","hd":false},{"ind":4,"ty":"sh","ix":5,"ks":{"a":0,"k":{"i":[[0,0],[0.001,0.835],[0,0],[-0.834,0.003],[0,0],[0,0],[-0.021,0.839],[-0.809,0.02],[0,0],[-0.025,0.838],[0.839,0.024],[0,0],[0,0],[-0.022,0.839],[-0.807,0.02],[0,0],[-0.001,0.838],[0.839,0.002],[0,0],[0.001,0.838],[-0.839,0.001],[0,0],[0.003,0.838],[-0.84,-0.001],[0,0],[0,0.838],[0.839,0],[0,0],[0.002,0.839],[-0.839,0.006],[0,0],[0,0],[0.022,-0.839],[0.808,-0.021],[0,0],[0,-0.838],[0.831,0.001],[0,0],[0.005,-0.838],[0,0],[-0.839,-0.004],[0,0],[0,0],[0.022,-0.839],[0.809,-0.021],[0,0],[0.021,-0.838],[0.809,-0.021],[0,0],[-0.022,-0.838],[-0.807,-0.021],[0,0],[-0.002,-0.838],[0.84,-0.001],[0,0],[-0.021,-0.839],[-0.809,-0.021],[0,0],[0,-0.836],[0.835,-0.002],[0,0]],"o":[[-0.835,0.001],[0,0],[-0.003,-0.834],[0,0],[0,0],[-0.839,-0.022],[0.021,-0.808],[0,0],[0.838,0.024],[0.024,-0.839],[0,0],[0,0],[-0.837,-0.022],[0.02,-0.808],[0,0],[0.838,0],[0.001,-0.839],[0,0],[-0.838,0],[-0.001,-0.839],[0,0],[-0.838,0.001],[0,-0.84],[0,0],[0.839,0],[0,-0.839],[0,0],[-0.838,0.002],[-0.006,-0.838],[0,0],[0,0],[0.838,0.022],[-0.02,0.807],[0,0],[0.838,0],[-0.009,0.831],[0,0],[-0.838,-0.004],[0,0],[-0.003,0.838],[0,0],[0,0],[0.839,0.021],[-0.02,0.809],[0,0],[0.839,0.021],[-0.021,0.809],[0,0],[-0.838,0.021],[0.021,0.809],[0,0],[0.839,0],[-0.001,0.839],[0,0],[-0.839,0.022],[0.021,0.807],[0,0],[0.836,0.001],[0.003,0.836],[0,0],[0,0]],"v":[[2.456,19.004],[0.943,17.493],[0.943,17.492],[2.449,15.976],[2.451,15.976],[-4.268,15.976],[-5.748,14.418],[-4.268,12.939],[-0.868,12.939],[0.695,11.465],[-0.78,9.902],[-0.792,9.902],[-8.919,9.902],[-10.398,8.344],[-8.919,6.865],[-5.875,6.865],[-4.356,5.348],[-5.873,3.827],[-11.108,3.827],[-12.627,2.311],[-11.11,0.791],[-16.639,0.791],[-18.161,-0.723],[-16.639,-2.243],[-5.288,-2.243],[-3.769,-3.761],[-5.288,-5.281],[-18.473,-5.281],[-19.995,-6.794],[-18.487,-8.322],[-18.481,-8.322],[8.619,-8.322],[10.098,-6.764],[8.619,-5.285],[14.686,-5.285],[16.203,-3.768],[14.686,-2.268],[3.608,-2.268],[2.081,-0.757],[2.081,-0.747],[3.592,0.779],[3.6,0.779],[5.063,0.779],[6.542,2.336],[5.063,3.816],[9.933,3.816],[11.413,5.373],[9.933,6.853],[6.418,6.853],[4.939,8.41],[6.418,9.89],[8.247,9.89],[9.768,11.407],[8.247,12.927],[6.024,12.927],[4.544,14.484],[6.024,15.964],[6.824,15.964],[8.336,17.479],[6.828,18.995],[2.459,18.995]],"c":true},"ix":2},"nm":"Path 5","mn":"ADBE Vector Shape - Group","hd":false},{"ty":"gf","o":{"a":0,"k":68.857,"ix":10},"r":1,"bm":0,"g":{"p":3,"k":{"a":1,"k":[{"i":{"x":0.833,"y":0.833},"o":{"x":0.167,"y":0.167},"t":99,"s":[0,1,1,1,0.5,0.933,0.939,0.949,1,0.867,0.878,0.898]},{"t":164,"s":[0.005,0.675,0.675,0.675,0.501,0.833,0.834,0.834,0.998,0.992,0.993,0.994]}],"ix":9}},"s":{"a":1,"k":[{"i":{"x":0.833,"y":0.833},"o":{"x":0.167,"y":0.167},"t":99,"s":[0.5,21.5],"to":[-0.083,-19.333],"ti":[0.083,19.333]},{"t":164,"s":[0,-94.5]}],"ix":5},"e":{"a":1,"k":[{"i":{"x":0.833,"y":0.833},"o":{"x":0.167,"y":0.167},"t":99,"s":[0.5,48.5],"to":[-0.167,-14],"ti":[0.167,14]},{"t":164,"s":[-0.5,-35.5]}],"ix":6},"t":1,"nm":"Gradient Fill 1","mn":"ADBE Vector Graphic - G-Fill","hd":false},{"ty":"tr","p":{"a":1,"k":[{"i":{"x":0.833,"y":0.833},"o":{"x":0.167,"y":0.167},"t":99,"s":[265.781,117.222],"to":[0,-0.417],"ti":[0,0.417]},{"t":164,"s":[265.781,114.722]}],"ix":2},"a":{"a":0,"k":[0,0],"ix":1},"s":{"a":0,"k":[100,100],"ix":3},"r":{"a":0,"k":0,"ix":6},"o":{"a":0,"k":100,"ix":7},"sk":{"a":0,"k":0,"ix":4},"sa":{"a":0,"k":0,"ix":5},"nm":"Transform"}],"nm":"steam","np":6,"cix":2,"bm":0,"ix":1,"mn":"ADBE Vector Group","hd":false}],"ip":94,"op":169,"st":94,"bm":0},{"ddd":0,"ind":8,"ty":4,"nm":"mug_steam","sr":1,"ks":{"o":{"a":0,"k":100,"ix":11},"r":{"a":0,"k":0,"ix":10},"p":{"a":0,"k":[160,95,0],"ix":2},"a":{"a":0,"k":[160,95,0],"ix":1},"s":{"a":0,"k":[100,100,100],"ix":6}},"ao":0,"shapes":[{"ty":"gr","it":[{"ind":0,"ty":"sh","ix":1,"ks":{"a":0,"k":{"i":[[0,0],[-0.837,0.001],[-0.002,-0.836],[0.835,-0.002],[0.001,0.836],[0,0]],"o":[[-0.001,-0.837],[0.836,0.001],[0.002,0.835],[-0.836,0.001],[0,0],[0,0]],"v":[[11.559,-17.486],[13.074,-19.005],[14.589,-17.49],[13.08,-15.972],[11.564,-17.484],[11.564,-17.486]],"c":true},"ix":2},"nm":"Path 1","mn":"ADBE Vector Shape - Group","hd":false},{"ind":1,"ty":"sh","ix":2,"ks":{"a":0,"k":{"i":[[0,0],[0.002,0.837],[0,0],[-0.838,0.001],[0,0],[-0.001,-0.835],[0.837,-0.002],[0,0]],"o":[[-0.838,0.002],[0,0],[0.001,-0.837],[0,0],[0.836,0.001],[0.002,0.838],[0,0],[0,0]],"v":[[-12.36,-12.986],[-13.88,-14.501],[-13.88,-14.503],[-12.363,-16.02],[-2.648,-16.02],[-1.133,-14.507],[-2.645,-12.985],[-12.36,-12.985]],"c":true},"ix":2},"nm":"Path 2","mn":"ADBE Vector Shape - Group","hd":false},{"ind":2,"ty":"sh","ix":3,"ks":{"a":0,"k":{"i":[[0,0],[0,0],[-0.022,0.839],[-0.807,0.02],[0,0],[0,-0.838],[0.836,-0.003]],"o":[[0,0],[-0.838,-0.021],[0.021,-0.808],[0,0],[0.838,0],[0.003,0.836],[0,0]],"v":[[18.487,2.26],[13.918,2.26],[12.439,0.702],[13.918,-0.777],[18.482,-0.777],[19.998,0.74],[18.49,2.257]],"c":true},"ix":2},"nm":"Path 3","mn":"ADBE Vector Shape - Group","hd":false},{"ind":3,"ty":"sh","ix":4,"ks":{"a":0,"k":{"i":[[0,0],[-0.839,0.001],[-0.001,-0.837],[0.838,0.022],[0.022,0.807]],"o":[[0,-0.839],[0.837,0.001],[-0.022,0.838],[-0.807,-0.02],[0,0]],"v":[[-16.795,9.86],[-15.276,8.34],[-13.759,9.857],[-15.315,11.333],[-16.793,9.857]],"c":true},"ix":2},"nm":"Path 4","mn":"ADBE Vector Shape - Group","hd":false},{"ind":4,"ty":"sh","ix":5,"ks":{"a":0,"k":{"i":[[0,0],[0.001,0.835],[0,0],[-0.834,0.003],[0,0],[0,0],[-0.021,0.839],[-0.809,0.02],[0,0],[-0.025,0.838],[0.839,0.024],[0,0],[0,0],[-0.022,0.839],[-0.807,0.02],[0,0],[-0.001,0.838],[0.839,0.002],[0,0],[0.001,0.838],[-0.839,0.001],[0,0],[0.003,0.838],[-0.84,-0.001],[0,0],[0,0.838],[0.839,0],[0,0],[0.002,0.839],[-0.839,0.006],[0,0],[0,0],[0.022,-0.839],[0.808,-0.021],[0,0],[0,-0.838],[0.831,0.001],[0,0],[0.005,-0.838],[0,0],[-0.839,-0.004],[0,0],[0,0],[0.022,-0.839],[0.809,-0.021],[0,0],[0.021,-0.838],[0.809,-0.021],[0,0],[-0.022,-0.838],[-0.807,-0.021],[0,0],[-0.002,-0.838],[0.84,-0.001],[0,0],[-0.021,-0.839],[-0.809,-0.021],[0,0],[0,-0.836],[0.835,-0.002],[0,0]],"o":[[-0.835,0.001],[0,0],[-0.003,-0.834],[0,0],[0,0],[-0.839,-0.022],[0.021,-0.808],[0,0],[0.838,0.024],[0.024,-0.839],[0,0],[0,0],[-0.837,-0.022],[0.02,-0.808],[0,0],[0.838,0],[0.001,-0.839],[0,0],[-0.838,0],[-0.001,-0.839],[0,0],[-0.838,0.001],[0,-0.84],[0,0],[0.839,0],[0,-0.839],[0,0],[-0.838,0.002],[-0.006,-0.838],[0,0],[0,0],[0.838,0.022],[-0.02,0.807],[0,0],[0.838,0],[-0.009,0.831],[0,0],[-0.838,-0.004],[0,0],[-0.003,0.838],[0,0],[0,0],[0.839,0.021],[-0.02,0.809],[0,0],[0.839,0.021],[-0.021,0.809],[0,0],[-0.838,0.021],[0.021,0.809],[0,0],[0.839,0],[-0.001,0.839],[0,0],[-0.839,0.022],[0.021,0.807],[0,0],[0.836,0.001],[0.003,0.836],[0,0],[0,0]],"v":[[2.456,19.004],[0.943,17.493],[0.943,17.492],[2.449,15.976],[2.451,15.976],[-4.268,15.976],[-5.748,14.418],[-4.268,12.939],[-0.868,12.939],[0.695,11.465],[-0.78,9.902],[-0.792,9.902],[-8.919,9.902],[-10.398,8.344],[-8.919,6.865],[-5.875,6.865],[-4.356,5.348],[-5.873,3.827],[-11.108,3.827],[-12.627,2.311],[-11.11,0.791],[-16.639,0.791],[-18.161,-0.723],[-16.639,-2.243],[-5.288,-2.243],[-3.769,-3.761],[-5.288,-5.281],[-18.473,-5.281],[-19.995,-6.794],[-18.487,-8.322],[-18.481,-8.322],[8.619,-8.322],[10.098,-6.764],[8.619,-5.285],[14.686,-5.285],[16.203,-3.768],[14.686,-2.268],[3.608,-2.268],[2.081,-0.757],[2.081,-0.747],[3.592,0.779],[3.6,0.779],[5.063,0.779],[6.542,2.336],[5.063,3.816],[9.933,3.816],[11.413,5.373],[9.933,6.853],[6.418,6.853],[4.939,8.41],[6.418,9.89],[8.247,9.89],[9.768,11.407],[8.247,12.927],[6.024,12.927],[4.544,14.484],[6.024,15.964],[6.824,15.964],[8.336,17.479],[6.828,18.995],[2.459,18.995]],"c":true},"ix":2},"nm":"Path 5","mn":"ADBE Vector Shape - Group","hd":false},{"ty":"gf","o":{"a":0,"k":68.857,"ix":10},"r":1,"bm":0,"g":{"p":3,"k":{"a":1,"k":[{"i":{"x":0.833,"y":0.833},"o":{"x":0.167,"y":0.167},"t":5,"s":[0,1,1,1,0.5,0.933,0.939,0.949,1,0.867,0.878,0.898]},{"t":60,"s":[0.005,0.675,0.675,0.675,0.501,0.833,0.834,0.834,0.998,0.992,0.993,0.994]}],"ix":9}},"s":{"a":1,"k":[{"i":{"x":0.833,"y":0.833},"o":{"x":0.167,"y":0.167},"t":5,"s":[0.5,21.5],"to":[-0.083,-11.667],"ti":[0.083,11.667]},{"t":60,"s":[0,-48.5]}],"ix":5},"e":{"a":1,"k":[{"i":{"x":0.833,"y":0.833},"o":{"x":0.167,"y":0.167},"t":5,"s":[0.5,48.5],"to":[-0.167,-12.917],"ti":[0.167,12.917]},{"t":60,"s":[-0.5,-29]}],"ix":6},"t":1,"nm":"Gradient Fill 1","mn":"ADBE Vector Graphic - G-Fill","hd":false},{"ty":"tr","p":{"a":1,"k":[{"i":{"x":0.833,"y":0.833},"o":{"x":0.167,"y":0.167},"t":5,"s":[265.781,117.222],"to":[0,0],"ti":[0,0]},{"t":60,"s":[265.781,113.222]}],"ix":2},"a":{"a":0,"k":[0,0],"ix":1},"s":{"a":0,"k":[100,100],"ix":3},"r":{"a":0,"k":0,"ix":6},"o":{"a":0,"k":100,"ix":7},"sk":{"a":0,"k":0,"ix":4},"sa":{"a":0,"k":0,"ix":5},"nm":"Transform"}],"nm":"steam","np":6,"cix":2,"bm":0,"ix":1,"mn":"ADBE Vector Group","hd":false}],"ip":0,"op":60,"st":0,"bm":0},{"ddd":0,"ind":9,"ty":4,"nm":"mug_tea","sr":1,"ks":{"o":{"a":0,"k":100,"ix":11},"r":{"a":0,"k":0,"ix":10},"p":{"a":0,"k":[261,141.071,0],"ix":2},"a":{"a":0,"k":[160,95,0],"ix":1},"s":{"a":0,"k":[100,100,100],"ix":6}},"ao":0,"shapes":[{"ty":"gr","it":[{"ty":"gr","it":[{"ind":0,"ty":"sh","ix":1,"ks":{"a":0,"k":{"i":[[0,0],[0,0],[0,0],[0.553,0],[0,0]],"o":[[0,0],[0,0],[0,0.553],[0,0],[0,0]],"v":[[-1,-4.681],[1,-2.587],[1,3.681],[0,4.681],[-1,4.681]],"c":true},"ix":2},"nm":"Path 1","mn":"ADBE Vector Shape - Group","hd":false},{"ty":"fl","c":{"a":0,"k":[0,0,0,1],"ix":4},"o":{"a":0,"k":100,"ix":5},"r":1,"bm":0,"nm":"Fill 1","mn":"ADBE Vector Graphic - Fill","hd":false},{"ty":"tr","p":{"a":0,"k":[264.001,155.319],"ix":2},"a":{"a":0,"k":[0,0],"ix":1},"s":{"a":0,"k":[100,100],"ix":3},"r":{"a":0,"k":0,"ix":6},"o":{"a":0,"k":5,"ix":7},"sk":{"a":0,"k":0,"ix":4},"sa":{"a":0,"k":0,"ix":5},"nm":"Transform"}],"nm":"Group 31","np":2,"cix":2,"bm":0,"ix":1,"mn":"ADBE Vector Group","hd":false},{"ty":"gr","it":[{"ind":0,"ty":"sh","ix":1,"ks":{"a":0,"k":{"i":[[0,0],[0,0.395],[0,0],[-0.552,0],[0,-0.394],[0,0],[0.552,0]],"o":[[-0.552,0],[0,0],[0,-0.395],[0.552,0],[0,0],[0,0.4],[0,0]],"v":[[0,6.499],[-1,5.783],[-1,-5.783],[0,-6.499],[1,-5.783],[1,5.784],[0,6.5]],"c":true},"ix":2},"nm":"Path 1","mn":"ADBE Vector Shape - Group","hd":false},{"ty":"fl","c":{"a":0,"k":[0.689999988032,0.725,0.795999983245,1],"ix":4},"o":{"a":0,"k":100,"ix":5},"r":1,"bm":0,"nm":"Fill 1","mn":"ADBE Vector Graphic - Fill","hd":false},{"ty":"tr","p":{"a":0,"k":[261.001,146.499],"ix":2},"a":{"a":0,"k":[0,0],"ix":1},"s":{"a":0,"k":[100,100],"ix":3},"r":{"a":0,"k":0,"ix":6},"o":{"a":0,"k":100,"ix":7},"sk":{"a":0,"k":0,"ix":4},"sa":{"a":0,"k":0,"ix":5},"nm":"Transform"}],"nm":"Group 33","np":2,"cix":2,"bm":0,"ix":2,"mn":"ADBE Vector Group","hd":false},{"ty":"gr","it":[{"ind":0,"ty":"sh","ix":1,"ks":{"a":0,"k":{"i":[[0,0],[0,0],[0.005,-0.333],[0,0],[-0.478,0.033],[0,0],[-0.041,0.478],[0,0],[0.247,0.223]],"o":[[0,0],[-0.247,0.222],[0,0],[0.041,0.478],[0,0],[0.477,0.034],[0,0],[-0.005,-0.333],[0,0]],"v":[[0.004,-6.015],[-3.605,-1.565],[-4,-0.695],[-4,5.181],[-3.064,5.981],[3.066,5.981],[4.001,5.181],[4.001,-0.693],[3.607,-1.564]],"c":true},"ix":2},"nm":"Path 1","mn":"ADBE Vector Shape - Group","hd":false},{"ty":"fl","c":{"a":0,"k":[0.6,0.62400004069,0.670999983245,1],"ix":4},"o":{"a":0,"k":100,"ix":5},"r":1,"bm":0,"nm":"Fill 1","mn":"ADBE Vector Graphic - Fill","hd":false},{"ty":"tr","p":{"a":0,"k":[261,154.015],"ix":2},"a":{"a":0,"k":[0,0],"ix":1},"s":{"a":0,"k":[100,100],"ix":3},"r":{"a":0,"k":0,"ix":6},"o":{"a":0,"k":100,"ix":7},"sk":{"a":0,"k":0,"ix":4},"sa":{"a":0,"k":0,"ix":5},"nm":"Transform"}],"nm":"Group 34","np":2,"cix":2,"bm":0,"ix":3,"mn":"ADBE Vector Group","hd":false},{"ty":"tr","p":{"a":0,"k":[160,95],"ix":2},"a":{"a":0,"k":[261,141],"ix":1},"s":{"a":0,"k":[100,100],"ix":3},"r":{"a":1,"k":[{"i":{"x":[0.833],"y":[1]},"o":{"x":[0.167],"y":[0]},"t":0,"s":[0]},{"i":{"x":[0.667],"y":[0.915]},"o":{"x":[0.333],"y":[0]},"t":18,"s":[-2.5]},{"i":{"x":[0.833],"y":[1]},"o":{"x":[0.333],"y":[-0.085]},"t":53,"s":[2.5]},{"i":{"x":[0.667],"y":[0.915]},"o":{"x":[0.333],"y":[0]},"t":88,"s":[-2.5]},{"i":{"x":[0.833],"y":[1]},"o":{"x":[0.167],"y":[-0.066]},"t":123,"s":[2.5]},{"t":150,"s":[0]}],"ix":6},"o":{"a":0,"k":100,"ix":7},"sk":{"a":0,"k":0,"ix":4},"sa":{"a":0,"k":0,"ix":5},"nm":"Transform"}],"nm":"mug","np":3,"cix":2,"bm":0,"ix":1,"mn":"ADBE Vector Group","hd":false}],"ip":0,"op":200,"st":0,"bm":0},{"ddd":0,"ind":10,"ty":4,"nm":"mug","sr":1,"ks":{"o":{"a":0,"k":100,"ix":11},"r":{"a":0,"k":0,"ix":10},"p":{"a":0,"k":[160,95,0],"ix":2},"a":{"a":0,"k":[160,95,0],"ix":1},"s":{"a":0,"k":[100,100,100],"ix":6}},"ao":0,"shapes":[{"ty":"gr","it":[{"ty":"gr","it":[{"ind":0,"ty":"sh","ix":1,"ks":{"a":0,"k":{"i":[[0,0],[0,0],[0,-0.543],[0,0],[2.088,0],[0,0],[0,2.088],[0,0],[0.542,0.003],[0,0]],"o":[[0,0],[0.542,0],[0,0],[0,2.088],[0,0],[2.088,0],[0,0],[0.002,-0.542],[0,0],[0,0]],"v":[[2.731,-16.256],[-0.914,-16.256],[0.069,-15.273],[0.069,12.475],[-3.711,16.256],[-0.07,16.256],[3.71,12.475],[3.71,-15.269],[2.732,-16.255],[2.731,-16.255]],"c":true},"ix":2},"nm":"Path 1","mn":"ADBE Vector Shape - Group","hd":false},{"ty":"fl","c":{"a":0,"k":[0,0,0,1],"ix":4},"o":{"a":0,"k":10,"ix":5},"r":1,"bm":0,"nm":"Fill 1","mn":"ADBE Vector Graphic - Fill","hd":false},{"ty":"tr","p":{"a":0,"k":[277.855,156.939],"ix":2},"a":{"a":0,"k":[0,0],"ix":1},"s":{"a":0,"k":[100,100],"ix":3},"r":{"a":0,"k":0,"ix":6},"o":{"a":0,"k":100,"ix":7},"sk":{"a":0,"k":0,"ix":4},"sa":{"a":0,"k":0,"ix":5},"nm":"Transform"}],"nm":"Group 32","np":2,"cix":2,"bm":0,"ix":1,"mn":"ADBE Vector Group","hd":false},{"ty":"gr","it":[{"ind":0,"ty":"sh","ix":1,"ks":{"a":0,"k":{"i":[[2.088,-0.002],[0,0],[0.001,2.087],[0,0],[-0.543,0],[0,0],[0,-0.543],[0,0]],"o":[[0,0],[-2.088,-0.001],[0,0],[0,-0.543],[0,0],[0.543,0],[0,0],[0.001,2.088]],"v":[[10.506,16.255],[-10.503,16.255],[-14.283,12.475],[-14.283,-15.271],[-13.3,-16.254],[13.299,-16.254],[14.283,-15.271],[14.283,12.472]],"c":true},"ix":2},"nm":"Path 1","mn":"ADBE Vector Shape - Group","hd":false},{"ty":"fl","c":{"a":0,"k":[0.855000035903,0.859000052658,0.870999983245,1],"ix":4},"o":{"a":0,"k":100,"ix":5},"r":1,"bm":0,"nm":"Fill 1","mn":"ADBE Vector Graphic - Fill","hd":false},{"ty":"tr","p":{"a":0,"k":[267.284,156.944],"ix":2},"a":{"a":0,"k":[0,0],"ix":1},"s":{"a":0,"k":[100,100],"ix":3},"r":{"a":0,"k":0,"ix":6},"o":{"a":0,"k":100,"ix":7},"sk":{"a":0,"k":0,"ix":4},"sa":{"a":0,"k":0,"ix":5},"nm":"Transform"}],"nm":"Group 35","np":2,"cix":2,"bm":0,"ix":2,"mn":"ADBE Vector Group","hd":false},{"ty":"gr","it":[{"ind":0,"ty":"sh","ix":1,"ks":{"a":0,"k":{"i":[[3.078,-0.004],[0,0],[0,0.835],[-0.834,0.001],[0,0],[0,0],[-0.002,1.409],[0,0],[1.41,0.001],[0,0],[0,0.835],[-0.834,0],[0,0],[0,0],[-0.004,-3.078],[0,0]],"o":[[0,0],[-0.836,0],[0,-0.834],[0,0],[0,0],[1.409,-0.002],[0,0],[0.001,-1.411],[0,0],[-0.836,0],[0,-0.835],[0,0],[0,0],[3.079,0.003],[0,0],[-0.005,3.078]],"v":[[1.268,9.873],[-5.332,9.873],[-6.845,8.36],[-5.336,6.849],[-5.332,6.849],[1.268,6.849],[3.82,4.296],[3.82,-4.293],[1.268,-6.85],[-5.332,-6.85],[-6.845,-8.361],[-5.336,-9.873],[-5.332,-9.873],[1.268,-9.873],[6.845,-4.297],[6.845,4.297]],"c":true},"ix":2},"nm":"Path 1","mn":"ADBE Vector Shape - Group","hd":false},{"ty":"fl","c":{"a":0,"k":[0.769000004787,0.773000021542,0.779999976065,1],"ix":4},"o":{"a":0,"k":100,"ix":5},"r":1,"bm":0,"nm":"Fill 1","mn":"ADBE Vector Graphic - Fill","hd":false},{"ty":"tr","p":{"a":0,"k":[283.105,157.401],"ix":2},"a":{"a":0,"k":[0,0],"ix":1},"s":{"a":0,"k":[100,100],"ix":3},"r":{"a":0,"k":0,"ix":6},"o":{"a":0,"k":100,"ix":7},"sk":{"a":0,"k":0,"ix":4},"sa":{"a":0,"k":0,"ix":5},"nm":"Transform"}],"nm":"Group 36","np":2,"cix":2,"bm":0,"ix":3,"mn":"ADBE Vector Group","hd":false},{"ty":"tr","p":{"a":0,"k":[160,95],"ix":2},"a":{"a":0,"k":[160,95],"ix":1},"s":{"a":0,"k":[100,100],"ix":3},"r":{"a":0,"k":0,"ix":6},"o":{"a":0,"k":100,"ix":7},"sk":{"a":0,"k":0,"ix":4},"sa":{"a":0,"k":0,"ix":5},"nm":"Transform"}],"nm":"mug","np":3,"cix":2,"bm":0,"ix":1,"mn":"ADBE Vector Group","hd":false}],"ip":0,"op":200,"st":0,"bm":0},{"ddd":0,"ind":11,"ty":4,"nm":"tops","sr":1,"ks":{"o":{"a":0,"k":100,"ix":11},"r":{"a":0,"k":0,"ix":10},"p":{"a":0,"k":[160,95,0],"ix":2},"a":{"a":0,"k":[160,95,0],"ix":1},"s":{"a":0,"k":[100,100,100],"ix":6}},"ao":0,"shapes":[{"ty":"gr","it":[{"ty":"gr","it":[{"ind":0,"ty":"sh","ix":1,"ks":{"a":0,"k":{"i":[[0,-1.104],[1.104,0],[0,1.104],[-1.104,0]],"o":[[0,1.104],[-1.104,0],[0,-1.104],[1.104,0]],"v":[[2,0],[0,2],[-2,0],[0,-2]],"c":true},"ix":2},"nm":"Path 1","mn":"ADBE Vector Shape - Group","hd":false},{"ty":"fl","c":{"a":0,"k":[1,1,1,1],"ix":4},"o":{"a":0,"k":100,"ix":5},"r":1,"bm":0,"nm":"Fill 1","mn":"ADBE Vector Graphic - Fill","hd":false},{"ty":"tr","p":{"a":0,"k":[117.652,68],"ix":2},"a":{"a":0,"k":[0,0],"ix":1},"s":{"a":0,"k":[100,100],"ix":3},"r":{"a":0,"k":0,"ix":6},"o":{"a":0,"k":100,"ix":7},"sk":{"a":0,"k":0,"ix":4},"sa":{"a":0,"k":0,"ix":5},"nm":"Transform"}],"nm":"dot3","np":2,"cix":2,"bm":0,"ix":1,"mn":"ADBE Vector Group","hd":false},{"ty":"gr","it":[{"ind":0,"ty":"sh","ix":1,"ks":{"a":0,"k":{"i":[[0,-1.104],[1.104,0],[0,1.104],[-1.104,0]],"o":[[0,1.104],[-1.104,0],[0,-1.104],[1.104,0]],"v":[[2,0],[0,2],[-2,0],[0,-2]],"c":true},"ix":2},"nm":"Path 1","mn":"ADBE Vector Shape - Group","hd":false},{"ty":"fl","c":{"a":0,"k":[1,1,1,1],"ix":4},"o":{"a":0,"k":100,"ix":5},"r":1,"bm":0,"nm":"Fill 1","mn":"ADBE Vector Graphic - Fill","hd":false},{"ty":"tr","p":{"a":0,"k":[110.479,68],"ix":2},"a":{"a":0,"k":[0,0],"ix":1},"s":{"a":0,"k":[100,100],"ix":3},"r":{"a":0,"k":0,"ix":6},"o":{"a":0,"k":100,"ix":7},"sk":{"a":0,"k":0,"ix":4},"sa":{"a":0,"k":0,"ix":5},"nm":"Transform"}],"nm":"dot2","np":2,"cix":2,"bm":0,"ix":2,"mn":"ADBE Vector Group","hd":false},{"ty":"gr","it":[{"ind":0,"ty":"sh","ix":1,"ks":{"a":0,"k":{"i":[[0,-1.104],[1.104,0],[0,1.104],[-1.104,0]],"o":[[0,1.104],[-1.104,0],[0,-1.104],[1.104,0]],"v":[[2,0],[0,2],[-2,0],[0,-2]],"c":true},"ix":2},"nm":"Path 1","mn":"ADBE Vector Shape - Group","hd":false},{"ty":"fl","c":{"a":0,"k":[1,1,1,1],"ix":4},"o":{"a":0,"k":100,"ix":5},"r":1,"bm":0,"nm":"Fill 1","mn":"ADBE Vector Graphic - Fill","hd":false},{"ty":"tr","p":{"a":0,"k":[103.312,68],"ix":2},"a":{"a":0,"k":[0,0],"ix":1},"s":{"a":0,"k":[100,100],"ix":3},"r":{"a":0,"k":0,"ix":6},"o":{"a":0,"k":100,"ix":7},"sk":{"a":0,"k":0,"ix":4},"sa":{"a":0,"k":0,"ix":5},"nm":"Transform"}],"nm":"dot1","np":2,"cix":2,"bm":0,"ix":3,"mn":"ADBE Vector Group","hd":false},{"ty":"gr","it":[{"ind":0,"ty":"sh","ix":1,"ks":{"a":0,"k":{"i":[[-0.884,0],[0,0],[0,-0.884],[0,0],[0,0],[0,0]],"o":[[0,0],[0.884,0],[0,0],[0,0],[0,0],[0,-0.884]],"v":[[-61.4,-6],[61.4,-6],[63,-4.4],[63,6],[-63,6],[-63,-4.4]],"c":true},"ix":2},"nm":"Path 1","mn":"ADBE Vector Shape - Group","hd":false},{"ty":"fl","c":{"a":0,"k":[0.851000019148,0.851000019148,0.851000019148,1],"ix":4},"o":{"a":0,"k":100,"ix":5},"r":1,"bm":0,"nm":"Fill 1","mn":"ADBE Vector Graphic - Fill","hd":false},{"ty":"tr","p":{"a":0,"k":[158.939,68],"ix":2},"a":{"a":0,"k":[0,0],"ix":1},"s":{"a":0,"k":[100,100],"ix":3},"r":{"a":0,"k":0,"ix":6},"o":{"a":0,"k":100,"ix":7},"sk":{"a":0,"k":0,"ix":4},"sa":{"a":0,"k":0,"ix":5},"nm":"Transform"}],"nm":"top","np":2,"cix":2,"bm":0,"ix":4,"mn":"ADBE Vector Group","hd":false},{"ty":"tr","p":{"a":0,"k":[160,95],"ix":2},"a":{"a":0,"k":[160,95],"ix":1},"s":{"a":0,"k":[100,100],"ix":3},"r":{"a":0,"k":0,"ix":6},"o":{"a":0,"k":100,"ix":7},"sk":{"a":0,"k":0,"ix":4},"sa":{"a":0,"k":0,"ix":5},"nm":"Transform"}],"nm":"top","np":4,"cix":2,"bm":0,"ix":1,"mn":"ADBE Vector Group","hd":false}],"ip":0,"op":200,"st":0,"bm":0},{"ddd":0,"ind":12,"ty":4,"nm":"bg_windows","sr":1,"ks":{"o":{"a":0,"k":100,"ix":11},"r":{"a":0,"k":0,"ix":10},"p":{"a":0,"k":[160,95,0],"ix":2},"a":{"a":0,"k":[160,95,0],"ix":1},"s":{"a":0,"k":[100,100,100],"ix":6}},"ao":0,"hasMask":true,"masksProperties":[{"inv":false,"mode":"a","pt":{"a":0,"k":{"i":[[0,0],[0,0],[0,0],[0,0]],"o":[[0,0],[0,0],[0,0],[0,0]],"v":[[95.998,59.937],[95.998,133.952],[221.998,133.952],[221.998,59.937]],"c":true},"ix":1},"o":{"a":0,"k":100,"ix":3},"x":{"a":0,"k":0,"ix":4},"nm":"Mask 1"}],"shapes":[{"ty":"gr","it":[{"ty":"gr","it":[{"ind":0,"ty":"sh","ix":1,"ks":{"a":0,"k":{"i":[[-1.122,-0.093],[0,0],[-0.112,-1.12],[0,0],[1.121,0.094],[0,0],[0.112,1.121],[0,0]],"o":[[0,0],[1.121,-0.093],[0,0],[-0.112,1.121],[0,0],[-1.122,0.094],[0,0],[0.112,-1.12]],"v":[[-60.776,-35.961],[60.776,-35.961],[63,-34.111],[63,36.189],[60.776,38.039],[-60.776,38.039],[-63,36.189],[-63,-34.111]],"c":true},"ix":2},"nm":"Path 1","mn":"ADBE Vector Shape - Group","hd":false},{"ty":"fl","c":{"a":0,"k":[1,1,1,1],"ix":4},"o":{"a":0,"k":100,"ix":5},"r":1,"bm":0,"nm":"Fill 1","mn":"ADBE Vector Graphic - Fill","hd":false},{"ty":"tr","p":{"a":0,"k":[158.999,97.961],"ix":2},"a":{"a":0,"k":[0,0],"ix":1},"s":{"a":0,"k":[100,100],"ix":3},"r":{"a":0,"k":0,"ix":6},"o":{"a":0,"k":100,"ix":7},"sk":{"a":0,"k":0,"ix":4},"sa":{"a":0,"k":0,"ix":5},"nm":"Transform"}],"nm":"bg_screen","np":2,"cix":2,"bm":0,"ix":1,"mn":"ADBE Vector Group","hd":false},{"ty":"tr","p":{"a":0,"k":[160,95],"ix":2},"a":{"a":0,"k":[160,95],"ix":1},"s":{"a":0,"k":[100,100],"ix":3},"r":{"a":0,"k":0,"ix":6},"o":{"a":0,"k":100,"ix":7},"sk":{"a":0,"k":0,"ix":4},"sa":{"a":0,"k":0,"ix":5},"nm":"Transform"}],"nm":"mac","np":1,"cix":2,"bm":0,"ix":1,"mn":"ADBE Vector Group","hd":false}],"ip":0,"op":200,"st":0,"bm":0},{"ddd":0,"ind":13,"ty":4,"nm":"desktop","sr":1,"ks":{"o":{"a":0,"k":100,"ix":11},"r":{"a":0,"k":0,"ix":10},"p":{"a":0,"k":[160,95,0],"ix":2},"a":{"a":0,"k":[160,95,0],"ix":1},"s":{"a":0,"k":[100,100,100],"ix":6}},"ao":0,"shapes":[{"ty":"gr","it":[{"ty":"gr","it":[{"ind":0,"ty":"sh","ix":1,"ks":{"a":0,"k":{"i":[[-1.615,-0.013],[0,0],[-0.016,-1.615],[0,0],[0,0],[1.615,0.014],[0,0],[0.013,1.614],[0,0],[0,0]],"o":[[0,0],[1.615,-0.016],[0,0],[0,0],[-0.014,1.615],[0,0],[-1.615,0.014],[0,0],[0,0],[0.013,-1.615]],"v":[[-69.052,-40.999],[69.048,-40.999],[72,-38.103],[72,-38.099],[72,38.101],[69.052,41.001],[-69.052,41.001],[-72,38.102],[-72,38.101],[-72,-38.099]],"c":true},"ix":2},"nm":"Path 1","mn":"ADBE Vector Shape - Group","hd":false},{"ty":"fl","c":{"a":0,"k":[0.325,0.349000010771,0.4,1],"ix":4},"o":{"a":0,"k":100,"ix":5},"r":1,"bm":0,"nm":"Fill 1","mn":"ADBE Vector Graphic - Fill","hd":false},{"ty":"tr","p":{"a":0,"k":[159,92.999],"ix":2},"a":{"a":0,"k":[0,0],"ix":1},"s":{"a":0,"k":[100,100],"ix":3},"r":{"a":0,"k":0,"ix":6},"o":{"a":0,"k":100,"ix":7},"sk":{"a":0,"k":0,"ix":4},"sa":{"a":0,"k":0,"ix":5},"nm":"Transform"}],"nm":"screen","np":2,"cix":2,"bm":0,"ix":6,"mn":"ADBE Vector Group","hd":false},{"ty":"gr","it":[{"ind":0,"ty":"sh","ix":1,"ks":{"a":0,"k":{"i":[[0,0],[0,0],[-2.876,-0.027],[0,0],[0.026,2.876],[0,0]],"o":[[0,0],[-0.027,2.875],[0,0],[2.876,-0.027],[0,0],[0,0]],"v":[[-77.999,-7.5],[-77.999,2.244],[-72.842,7.5],[72.842,7.5],[78.001,2.244],[78.001,-7.5]],"c":true},"ix":2},"nm":"Path 1","mn":"ADBE Vector Shape - Group","hd":false},{"ty":"fl","c":{"a":0,"k":[0.855000035903,0.859000052658,0.870999983245,1],"ix":4},"o":{"a":0,"k":100,"ix":5},"r":1,"bm":0,"nm":"Fill 1","mn":"ADBE Vector Graphic - Fill","hd":false},{"ty":"tr","p":{"a":0,"k":[158.997,147.5],"ix":2},"a":{"a":0,"k":[0,0],"ix":1},"s":{"a":0,"k":[100,100],"ix":3},"r":{"a":0,"k":0,"ix":6},"o":{"a":0,"k":100,"ix":7},"sk":{"a":0,"k":0,"ix":4},"sa":{"a":0,"k":0,"ix":5},"nm":"Transform"}],"nm":"bottom","np":2,"cix":2,"bm":0,"ix":7,"mn":"ADBE Vector Group","hd":false},{"ty":"gr","it":[{"ind":0,"ty":"sh","ix":1,"ks":{"a":0,"k":{"i":[[-4.418,0],[0,0],[0,-4.418],[0,0],[0.553,0],[0,0],[0,0.553],[0,0]],"o":[[0,0],[4.418,0],[0,0],[0,0.553],[0,0],[-0.552,0],[0,0],[0,-4.418]],"v":[[-70,-47.5],[70,-47.5],[78,-39.5],[78,46.5],[77,47.5],[-77,47.5],[-78,46.5],[-78,-39.5]],"c":true},"ix":2},"nm":"Path 1","mn":"ADBE Vector Shape - Group","hd":false},{"ty":"fl","c":{"a":0,"k":[0.270999983245,0.286000001197,0.340999977261,1],"ix":4},"o":{"a":0,"k":100,"ix":5},"r":1,"bm":0,"nm":"Fill 1","mn":"ADBE Vector Graphic - Fill","hd":false},{"ty":"tr","p":{"a":0,"k":[159,93.5],"ix":2},"a":{"a":0,"k":[0,0],"ix":1},"s":{"a":0,"k":[100,100],"ix":3},"r":{"a":0,"k":0,"ix":6},"o":{"a":0,"k":100,"ix":7},"sk":{"a":0,"k":0,"ix":4},"sa":{"a":0,"k":0,"ix":5},"nm":"Transform"}],"nm":"frame","np":2,"cix":2,"bm":0,"ix":8,"mn":"ADBE Vector Group","hd":false},{"ty":"gr","it":[{"ind":0,"ty":"sh","ix":1,"ks":{"a":0,"k":{"i":[[0.17,2.607],[0,0],[1.05,-2.199],[-5.912,-0.137]],"o":[[0,0],[-0.155,2.44],[3.509,0.077],[-1.188,-2.32]],"v":[[7.671,-3.733],[-7.898,-3.733],[-9.732,3.287],[9.732,3.733]],"c":true},"ix":2},"nm":"Path 1","mn":"ADBE Vector Shape - Group","hd":false},{"ty":"fl","c":{"a":0,"k":[0,0,0,1],"ix":4},"o":{"a":0,"k":100,"ix":5},"r":1,"bm":0,"nm":"Fill 1","mn":"ADBE Vector Graphic - Fill","hd":false},{"ty":"tr","p":{"a":0,"k":[158.983,157.733],"ix":2},"a":{"a":0,"k":[0,0],"ix":1},"s":{"a":0,"k":[100,100],"ix":3},"r":{"a":0,"k":0,"ix":6},"o":{"a":0,"k":8,"ix":7},"sk":{"a":0,"k":0,"ix":4},"sa":{"a":0,"k":0,"ix":5},"nm":"Transform"}],"nm":"shadow 2","np":2,"cix":2,"bm":0,"ix":9,"mn":"ADBE Vector Group","hd":false},{"ty":"gr","it":[{"ind":0,"ty":"sh","ix":1,"ks":{"a":0,"k":{"i":[[0,0],[0,0.41],[-1.878,0],[0,0],[-0.936,1.344],[-0.187,2.953],[0,0],[-1.492,-2.558],[-1.327,-0.958],[0,0],[0,-1.878],[0.41,-0.001]],"o":[[-0.41,-0.001],[0,-1.878],[0,0],[1.328,-0.958],[1.486,-2.559],[0,0],[0.193,2.954],[0.933,1.345],[0,0],[1.878,0],[-0.001,0.41],[0,0]],"v":[[-18.257,7.999],[-19,7.257],[-15.6,3.856],[-13.878,3.856],[-10.459,0.38],[-7.915,-8.001],[7.654,-8.001],[10.214,0.38],[13.63,3.857],[15.599,3.857],[19,7.257],[18.257,8.001]],"c":true},"ix":2},"nm":"Path 1","mn":"ADBE Vector Shape - Group","hd":false},{"ty":"fl","c":{"a":0,"k":[0.855000035903,0.859000052658,0.870999983245,1],"ix":4},"o":{"a":0,"k":100,"ix":5},"r":1,"bm":0,"nm":"Fill 1","mn":"ADBE Vector Graphic - Fill","hd":false},{"ty":"tr","p":{"a":0,"k":[158.999,162.001],"ix":2},"a":{"a":0,"k":[0,0],"ix":1},"s":{"a":0,"k":[100,100],"ix":3},"r":{"a":0,"k":0,"ix":6},"o":{"a":0,"k":100,"ix":7},"sk":{"a":0,"k":0,"ix":4},"sa":{"a":0,"k":0,"ix":5},"nm":"Transform"}],"nm":"pedestal","np":2,"cix":2,"bm":0,"ix":10,"mn":"ADBE Vector Group","hd":false},{"ty":"tr","p":{"a":0,"k":[160,95],"ix":2},"a":{"a":0,"k":[160,95],"ix":1},"s":{"a":0,"k":[100,100],"ix":3},"r":{"a":0,"k":0,"ix":6},"o":{"a":0,"k":100,"ix":7},"sk":{"a":0,"k":0,"ix":4},"sa":{"a":0,"k":0,"ix":5},"nm":"Transform"}],"nm":"mac","np":10,"cix":2,"bm":0,"ix":1,"mn":"ADBE Vector Group","hd":false}],"ip":0,"op":200,"st":0,"bm":0},{"ddd":0,"ind":14,"ty":4,"nm":"bg_table","sr":1,"ks":{"o":{"a":0,"k":100,"ix":11},"r":{"a":0,"k":0,"ix":10},"p":{"a":0,"k":[160,95,0],"ix":2},"a":{"a":0,"k":[160,95,0],"ix":1},"s":{"a":0,"k":[100,100,100],"ix":6}},"ao":0,"shapes":[{"ty":"gr","it":[{"ind":0,"ty":"sh","ix":1,"ks":{"a":0,"k":{"i":[[-1.762,0.032],[0,0],[-1.026,-1.432],[0,0],[1.812,0],[0,0],[-1.193,1.58],[0,0]],"o":[[0,0],[1.761,0.033],[0,0],[1.194,1.58],[0,0],[-1.813,0],[0,0],[1.026,-1.432]],"v":[[-140.014,-10.499],[140.012,-10.499],[144.44,-8.171],[155.474,6.446],[153.886,10.499],[-153.887,10.499],[-155.475,6.446],[-144.445,-8.171]],"c":true},"ix":2},"nm":"Path 1","mn":"ADBE Vector Shape - Group","hd":false},{"ty":"fl","c":{"a":0,"k":[0.948999980852,0.948999980852,0.948999980852,1],"ix":4},"o":{"a":0,"k":100,"ix":5},"r":1,"bm":0,"nm":"Fill 1","mn":"ADBE Vector Graphic - Fill","hd":false},{"ty":"tr","p":{"a":0,"k":[160.001,171.499],"ix":2},"a":{"a":0,"k":[0,0],"ix":1},"s":{"a":0,"k":[100,100],"ix":3},"r":{"a":0,"k":0,"ix":6},"o":{"a":0,"k":100,"ix":7},"sk":{"a":0,"k":0,"ix":4},"sa":{"a":0,"k":0,"ix":5},"nm":"Transform"}],"nm":"bg_table","np":2,"cix":2,"bm":0,"ix":1,"mn":"ADBE Vector Group","hd":false}],"ip":0,"op":200,"st":0,"bm":0}],"markers":[]}