{
    "v": "5.5.7",
    "meta": {
        "g": "LottieFiles AE 0.1.21",
        "a": "",
        "k": "",
        "d": "",
        "tc": ""
    },
    "fr": 25,
    "ip": 0,
    "op": 40,
    "w": 200,
    "h": 200,
    "nm": "operación exitosa",
    "ddd": 0,
    "assets": [],
    "layers": [{
        "ddd": 0,
        "ind": 2,
        "ty": 4,
        "nm": "check",
        "sr": 1,
        "ks": {
            "o": {
                "a": 0,
                "k": 100,
                "ix": 11
            },
            "r": {
                "a": 0,
                "k": 0,
                "ix": 10
            },
            "p": {
                "a": 0,
                "k": [100, 99.625, 0],
                "ix": 2
            },
            "a": {
                "a": 0,
                "k": [0, 0, 0],
                "ix": 1
            },
            "s": {
                "a": 1,
                "k": [{
                    "i": {
                        "x": [0.667, 0.667, 0.667],
                        "y": [1, 1, 1]
                    },
                    "o": {
                        "x": [0.167, 0.167, 0.167],
                        "y": [0.167, 0.167, 4.01]
                    },
                    "t": 18,
                    "s": [74.777, 74.777, 100]
                }, {
                    "i": {
                        "x": [0.833, 0.833, 0.833],
                        "y": [0.833, 0.833, 5.01]
                    },
                    "o": {
                        "x": [0.333, 0.333, 0.333],
                        "y": [0, 0, 0]
                    },
                    "t": 24,
                    "s": [85, 85, 100]
                }, {
                    "t": 30,
                    "s": [74.777, 74.777, 100]
                }],
                "ix": 6
            }
        },
        "ao": 0,
        "shapes": [{
            "ty": "gr",
            "it": [{
                "ind": 0,
                "ty": "sh",
                "ix": 1,
                "ks": {
                    "a": 0,
                    "k": {
                        "i": [
                            [0, 0]
                        ],
                        "o": [
                            [0, 0]
                        ],
                        "v": [
                            [-189.216, 26.127]
                        ],
                        "c": false
                    },
                    "ix": 2
                },
                "nm": "Path 1",
                "mn": "ADBE Vector Shape - Group",
                "hd": false
            }, {
                "ty": "st",
                "c": {
                    "a": 0,
                    "k": [0.376470588235, 0.749019607843, 0.513725490196, 1],
                    "ix": 3
                },
                "o": {
                    "a": 0,
                    "k": 100,
                    "ix": 4
                },
                "w": {
                    "a": 0,
                    "k": 8,
                    "ix": 5
                },
                "lc": 1,
                "lj": 1,
                "ml": 4,
                "bm": 0,
                "nm": "Stroke 1",
                "mn": "ADBE Vector Graphic - Stroke",
                "hd": false
            }, {
                "ty": "tr",
                "p": {
                    "a": 0,
                    "k": [0, 0],
                    "ix": 2
                },
                "a": {
                    "a": 0,
                    "k": [0, 0],
                    "ix": 1
                },
                "s": {
                    "a": 0,
                    "k": [100, 100],
                    "ix": 3
                },
                "r": {
                    "a": 0,
                    "k": 0,
                    "ix": 6
                },
                "o": {
                    "a": 0,
                    "k": 100,
                    "ix": 7
                },
                "sk": {
                    "a": 0,
                    "k": 0,
                    "ix": 4
                },
                "sa": {
                    "a": 0,
                    "k": 0,
                    "ix": 5
                },
                "nm": "Transform"
            }],
            "nm": "Shape 2",
            "np": 3,
            "cix": 2,
            "bm": 0,
            "ix": 1,
            "mn": "ADBE Vector Group",
            "hd": false
        }, {
            "ty": "gr",
            "it": [{
                "ind": 0,
                "ty": "sh",
                "ix": 1,
                "ks": {
                    "a": 0,
                    "k": {
                        "i": [
                            [0, 0],
                            [0, 0],
                            [0, 0]
                        ],
                        "o": [
                            [0, 0],
                            [0, 0],
                            [0, 0]
                        ],
                        "v": [
                            [34.919, -26.333],
                            [-18.866, 25.829],
                            [-36.015, 8.794]
                        ],
                        "c": false
                    },
                    "ix": 2
                },
                "nm": "Path 1",
                "mn": "ADBE Vector Shape - Group",
                "hd": false
            }, {
                "ty": "tm",
                "s": {
                    "a": 1,
                    "k": [{
                        "i": {
                            "x": [0.917],
                            "y": [0.711]
                        },
                        "o": {
                            "x": [0.083],
                            "y": [0.377]
                        },
                        "t": 12,
                        "s": [100]
                    }, {
                        "t": 15,
                        "s": [0]
                    }],
                    "ix": 1
                },
                "e": {
                    "a": 0,
                    "k": 100,
                    "ix": 2
                },
                "o": {
                    "a": 0,
                    "k": 0,
                    "ix": 3
                },
                "m": 1,
                "ix": 2,
                "nm": "Trim Paths 1",
                "mn": "ADBE Vector Filter - Trim",
                "hd": false
            }, {
                "ty": "st",
                "c": {
                    "a": 0,
                    "k": [0.376470588235, 0.749019607843, 0.513725490196, 1],
                    "ix": 3
                },
                "o": {
                    "a": 0,
                    "k": 100,
                    "ix": 4
                },
                "w": {
                    "a": 0,
                    "k": 8,
                    "ix": 5
                },
                "lc": 2,
                "lj": 2,
                "bm": 0,
                "nm": "Stroke 1",
                "mn": "ADBE Vector Graphic - Stroke",
                "hd": false
            }, {
                "ty": "tr",
                "p": {
                    "a": 0,
                    "k": [0.333, 1],
                    "ix": 2
                },
                "a": {
                    "a": 0,
                    "k": [0, 0],
                    "ix": 1
                },
                "s": {
                    "a": 0,
                    "k": [99.249, 97.632],
                    "ix": 3
                },
                "r": {
                    "a": 0,
                    "k": 0,
                    "ix": 6
                },
                "o": {
                    "a": 0,
                    "k": 100,
                    "ix": 7
                },
                "sk": {
                    "a": 0,
                    "k": 0,
                    "ix": 4
                },
                "sa": {
                    "a": 0,
                    "k": 0,
                    "ix": 5
                },
                "nm": "Transform"
            }],
            "nm": "Shape 1",
            "np": 4,
            "cix": 2,
            "bm": 0,
            "ix": 2,
            "mn": "ADBE Vector Group",
            "hd": false
        }],
        "ip": 0,
        "op": 40,
        "st": 0,
        "bm": 0
    }, {
        "ddd": 0,
        "ind": 3,
        "ty": 4,
        "nm": "checklarge",
        "sr": 1,
        "ks": {
            "o": {
                "a": 0,
                "k": 100,
                "ix": 11
            },
            "r": {
                "a": 0,
                "k": 0,
                "ix": 10
            },
            "p": {
                "a": 0,
                "k": [100, 99.625, 0],
                "ix": 2
            },
            "a": {
                "a": 0,
                "k": [0, 0, 0],
                "ix": 1
            },
            "s": {
                "a": 0,
                "k": [74.777, 74.777, 100],
                "ix": 6
            }
        },
        "ao": 0,
        "shapes": [{
            "ty": "gr",
            "it": [{
                "ind": 0,
                "ty": "sh",
                "ix": 1,
                "ks": {
                    "a": 0,
                    "k": {
                        "i": [
                            [0, 0],
                            [0, 0]
                        ],
                        "o": [
                            [0, 0],
                            [0, 0]
                        ],
                        "v": [
                            [-22.057, 22.756],
                            [-88.864, -44.447]
                        ],
                        "c": false
                    },
                    "ix": 2
                },
                "nm": "Path 1",
                "mn": "ADBE Vector Shape - Group",
                "hd": false
            }, {
                "ty": "st",
                "c": {
                    "a": 0,
                    "k": [0.376470588235, 0.749019607843, 0.513725490196, 1],
                    "ix": 3
                },
                "o": {
                    "a": 0,
                    "k": 100,
                    "ix": 4
                },
                "w": {
                    "a": 0,
                    "k": 8,
                    "ix": 5
                },
                "lc": 2,
                "lj": 2,
                "bm": 0,
                "nm": "Stroke 1",
                "mn": "ADBE Vector Graphic - Stroke",
                "hd": false
            }, {
                "ty": "tr",
                "p": {
                    "a": 0,
                    "k": [0.333, 1],
                    "ix": 2
                },
                "a": {
                    "a": 0,
                    "k": [0, 0],
                    "ix": 1
                },
                "s": {
                    "a": 0,
                    "k": [99.249, 97.632],
                    "ix": 3
                },
                "r": {
                    "a": 0,
                    "k": 0,
                    "ix": 6
                },
                "o": {
                    "a": 0,
                    "k": 100,
                    "ix": 7
                },
                "sk": {
                    "a": 0,
                    "k": 0,
                    "ix": 4
                },
                "sa": {
                    "a": 0,
                    "k": 0,
                    "ix": 5
                },
                "nm": "Transform"
            }],
            "nm": "Shape 1",
            "np": 3,
            "cix": 2,
            "bm": 0,
            "ix": 1,
            "mn": "ADBE Vector Group",
            "hd": false
        }, {
            "ty": "tm",
            "s": {
                "a": 1,
                "k": [{
                    "i": {
                        "x": [0.917],
                        "y": [0.863]
                    },
                    "o": {
                        "x": [0.841],
                        "y": [0.304]
                    },
                    "t": 8,
                    "s": [100]
                }, {
                    "t": 12,
                    "s": [0]
                }],
                "ix": 1
            },
            "e": {
                "a": 1,
                "k": [{
                    "i": {
                        "x": [0.917],
                        "y": [0.829]
                    },
                    "o": {
                        "x": [0.83],
                        "y": [0.374]
                    },
                    "t": 9,
                    "s": [100]
                }, {
                    "t": 14,
                    "s": [0]
                }],
                "ix": 2
            },
            "o": {
                "a": 0,
                "k": 0,
                "ix": 3
            },
            "m": 1,
            "ix": 2,
            "nm": "Trim Paths 1",
            "mn": "ADBE Vector Filter - Trim",
            "hd": false
        }],
        "ip": 0,
        "op": 40,
        "st": 0,
        "bm": 0
    }, {
        "ddd": 0,
        "ind": 4,
        "ty": 4,
        "nm": "elipse outline",
        "sr": 1,
        "ks": {
            "o": {
                "a": 0,
                "k": 100,
                "ix": 11
            },
            "r": {
                "a": 0,
                "k": 0,
                "ix": 10
            },
            "p": {
                "a": 0,
                "k": [102.758, 103.763, 0],
                "ix": 2
            },
            "a": {
                "a": 0,
                "k": [0, 0, 0],
                "ix": 1
            },
            "s": {
                "a": 0,
                "k": [100.503, 100.503, 100],
                "ix": 6
            }
        },
        "ao": 0,
        "shapes": [{
            "ty": "gr",
            "it": [{
                "d": 1,
                "ty": "el",
                "s": {
                    "a": 0,
                    "k": [152, 152],
                    "ix": 2
                },
                "p": {
                    "a": 0,
                    "k": [0, 0],
                    "ix": 3
                },
                "nm": "Ellipse Path 1",
                "mn": "ADBE Vector Shape - Ellipse",
                "hd": false
            }, {
                "ty": "st",
                "c": {
                    "a": 0,
                    "k": [0.376470588235, 0.749019607843, 0.513725490196, 1],
                    "ix": 3
                },
                "o": {
                    "a": 0,
                    "k": 100,
                    "ix": 4
                },
                "w": {
                    "a": 0,
                    "k": 6,
                    "ix": 5
                },
                "lc": 2,
                "lj": 2,
                "bm": 0,
                "nm": "Stroke 1",
                "mn": "ADBE Vector Graphic - Stroke",
                "hd": false
            }, {
                "ty": "tr",
                "p": {
                    "a": 0,
                    "k": [-2.744, -3.744],
                    "ix": 2
                },
                "a": {
                    "a": 0,
                    "k": [0, 0],
                    "ix": 1
                },
                "s": {
                    "a": 0,
                    "k": [97.77, 97.77],
                    "ix": 3
                },
                "r": {
                    "a": 0,
                    "k": 0,
                    "ix": 6
                },
                "o": {
                    "a": 0,
                    "k": 100,
                    "ix": 7
                },
                "sk": {
                    "a": 0,
                    "k": 0,
                    "ix": 4
                },
                "sa": {
                    "a": 0,
                    "k": 0,
                    "ix": 5
                },
                "nm": "Transform"
            }],
            "nm": "Ellipse 1",
            "np": 3,
            "cix": 2,
            "bm": 0,
            "ix": 1,
            "mn": "ADBE Vector Group",
            "hd": false
        }, {
            "ty": "tm",
            "s": {
                "a": 1,
                "k": [{
                    "i": {
                        "x": [0.383],
                        "y": [1]
                    },
                    "o": {
                        "x": [0.017],
                        "y": [-0.27]
                    },
                    "t": 0,
                    "s": [0]
                }, {
                    "t": 15,
                    "s": [100]
                }],
                "ix": 1
            },
            "e": {
                "a": 0,
                "k": 0,
                "ix": 2
            },
            "o": {
                "a": 0,
                "k": 0,
                "ix": 3
            },
            "m": 1,
            "ix": 2,
            "nm": "Trim Paths 1",
            "mn": "ADBE Vector Filter - Trim",
            "hd": false
        }],
        "ip": 0,
        "op": 40,
        "st": 0,
        "bm": 0
    }, {
        "ddd": 0,
        "ind": 5,
        "ty": 4,
        "nm": "Shape Layer 2",
        "sr": 1,
        "ks": {
            "o": {
                "a": 1,
                "k": [{
                    "i": {
                        "x": [0.478],
                        "y": [1.01]
                    },
                    "o": {
                        "x": [0.167],
                        "y": [0.167]
                    },
                    "t": 18,
                    "s": [0]
                }, {
                    "i": {
                        "x": [0.833],
                        "y": [0.833]
                    },
                    "o": {
                        "x": [0.593],
                        "y": [-0.001]
                    },
                    "t": 24,
                    "s": [19.263]
                }, {
                    "t": 30,
                    "s": [0]
                }],
                "ix": 11
            },
            "r": {
                "a": 0,
                "k": 0,
                "ix": 10
            },
            "p": {
                "a": 0,
                "k": [102.443, 102.69, 0],
                "ix": 2
            },
            "a": {
                "a": 0,
                "k": [0, 0, 0],
                "ix": 1
            },
            "s": {
                "a": 1,
                "k": [{
                    "i": {
                        "x": [0.507, 0.507, 0.833],
                        "y": [0.989, 0.989, 13.966]
                    },
                    "o": {
                        "x": [0.042, 0.042, 0.167],
                        "y": [0.504, 0.504, -12.966]
                    },
                    "t": 18,
                    "s": [0, 0, 100]
                }, {
                    "t": 24,
                    "s": [100.011, 100.01, 100]
                }],
                "ix": 6
            }
        },
        "ao": 0,
        "shapes": [{
            "ty": "gr",
            "it": [{
                "d": 1,
                "ty": "el",
                "s": {
                    "a": 0,
                    "k": [200, 200],
                    "ix": 2
                },
                "p": {
                    "a": 0,
                    "k": [0, 0],
                    "ix": 3
                },
                "nm": "Ellipse Path 1",
                "mn": "ADBE Vector Shape - Ellipse",
                "hd": false
            }, {
                "ty": "fl",
                "c": {
                    "a": 0,
                    "k": [0.376470588235, 0.749019607843, 0.513725490196, 1],
                    "ix": 4
                },
                "o": {
                    "a": 0,
                    "k": 100,
                    "ix": 5
                },
                "r": 1,
                "bm": 0,
                "nm": "Fill 1",
                "mn": "ADBE Vector Graphic - Fill",
                "hd": false
            }, {
                "ty": "tr",
                "p": {
                    "a": 0,
                    "k": [-2.443, -2.69],
                    "ix": 2
                },
                "a": {
                    "a": 0,
                    "k": [0, 0],
                    "ix": 1
                },
                "s": {
                    "a": 0,
                    "k": [99.989, 99.99],
                    "ix": 3
                },
                "r": {
                    "a": 0,
                    "k": 0,
                    "ix": 6
                },
                "o": {
                    "a": 0,
                    "k": 100,
                    "ix": 7
                },
                "sk": {
                    "a": 0,
                    "k": 0,
                    "ix": 4
                },
                "sa": {
                    "a": 0,
                    "k": 0,
                    "ix": 5
                },
                "nm": "Transform"
            }],
            "nm": "Ellipse 1",
            "np": 3,
            "cix": 2,
            "bm": 0,
            "ix": 1,
            "mn": "ADBE Vector Group",
            "hd": false
        }, {
            "ty": "tm",
            "s": {
                "a": 1,
                "k": [{
                    "i": {
                        "x": [0.383],
                        "y": [1]
                    },
                    "o": {
                        "x": [0.017],
                        "y": [-0.27]
                    },
                    "t": 0,
                    "s": [0]
                }, {
                    "t": 15,
                    "s": [100]
                }],
                "ix": 1
            },
            "e": {
                "a": 0,
                "k": 0,
                "ix": 2
            },
            "o": {
                "a": 0,
                "k": 0,
                "ix": 3
            },
            "m": 1,
            "ix": 2,
            "nm": "Trim Paths 1",
            "mn": "ADBE Vector Filter - Trim",
            "hd": false
        }],
        "ip": 0,
        "op": 40,
        "st": 0,
        "bm": 0
    }],
    "markers": []
}