{
    "v": "5.5.7",
    "meta": {
        "g": "LottieFiles AE 0.1.21",
        "a": "",
        "k": "",
        "d": "",
        "tc": ""
    },
    "fr": 25,
    "ip": 0,
    "op": 50,
    "w": 200,
    "h": 200,
    "nm": "operación fallida",
    "ddd": 0,
    "assets": [],
    "layers": [{
        "ddd": 0,
        "ind": 1,
        "ty": 4,
        "nm": "admin-circle",
        "sr": 1,
        "ks": {
            "o": {
                "a": 0,
                "k": 100,
                "ix": 11
            },
            "r": {
                "a": 0,
                "k": 0,
                "ix": 10
            },
            "p": {
                "a": 0,
                "k": [100, 119.292, 0],
                "ix": 2
            },
            "a": {
                "a": 0,
                "k": [0.125, 21.75, 0],
                "ix": 1
            },
            "s": {
                "a": 1,
                "k": [{
                    "i": {
                        "x": [0.833, 0.833, 0.833],
                        "y": [0.833, 0.833, 0.833]
                    },
                    "o": {
                        "x": [0.167, 0.167, 0.167],
                        "y": [0.167, 0.167, 0.167]
                    },
                    "t": 15,
                    "s": [0, 0, 100]
                }, {
                    "i": {
                        "x": [0.833, 0.833, 0.833],
                        "y": [0.833, 0.833, 0.833]
                    },
                    "o": {
                        "x": [0.167, 0.167, 0.167],
                        "y": [0.167, 0.167, 0.167]
                    },
                    "t": 16,
                    "s": [113.297, 113.297, 100]
                }, {
                    "i": {
                        "x": [0.403, 0.403, 0.667],
                        "y": [0.973, 0.973, 1]
                    },
                    "o": {
                        "x": [0.167, 0.167, 0.167],
                        "y": [0.167, 0.167, 0.123]
                    },
                    "t": 17,
                    "s": [113.297, 113.297, 100]
                }, {
                    "i": {
                        "x": [0.833, 0.833, 0.833],
                        "y": [0.833, 0.833, 1.123]
                    },
                    "o": {
                        "x": [0.786, 0.786, 0.167],
                        "y": [0.007, 0.007, 0]
                    },
                    "t": 24,
                    "s": [136, 136, 100]
                }, {
                    "t": 30,
                    "s": [113.297, 113.297, 100]
                }],
                "ix": 6
            }
        },
        "ao": 0,
        "shapes": [{
            "ty": "gr",
            "it": [{
                "d": 1,
                "ty": "el",
                "s": {
                    "a": 0,
                    "k": [0.953, 0.953],
                    "ix": 2
                },
                "p": {
                    "a": 0,
                    "k": [0, 0],
                    "ix": 3
                },
                "nm": "Ellipse Path 1",
                "mn": "ADBE Vector Shape - Ellipse",
                "hd": false
            }, {
                "ty": "fl",
                "c": {
                    "a": 0,
                    "k": [1, 0.7803921568627451, 0.12156862745098039, 1],
                    "ix": 4
                },
                "o": {
                    "a": 0,
                    "k": 100,
                    "ix": 5
                },
                "r": 1,
                "bm": 0,
                "nm": "Fill 1",
                "mn": "ADBE Vector Graphic - Fill",
                "hd": false
            }, {
                "ty": "tr",
                "p": {
                    "a": 0,
                    "k": [0.147, 21.798],
                    "ix": 2
                },
                "a": {
                    "a": 0,
                    "k": [0, 0],
                    "ix": 1
                },
                "s": {
                    "a": 0,
                    "k": [652.903, 652.903],
                    "ix": 3
                },
                "r": {
                    "a": 0,
                    "k": 0,
                    "ix": 6
                },
                "o": {
                    "a": 0,
                    "k": 100,
                    "ix": 7
                },
                "sk": {
                    "a": 0,
                    "k": 0,
                    "ix": 4
                },
                "sa": {
                    "a": 0,
                    "k": 0,
                    "ix": 5
                },
                "nm": "Transform"
            }],
            "nm": "Ellipse 1",
            "np": 3,
            "cix": 2,
            "bm": 0,
            "ix": 1,
            "mn": "ADBE Vector Group",
            "hd": false
        }],
        "ip": 0,
        "op": 40,
        "st": 0,
        "bm": 0
    }, {
        "ddd": 0,
        "ind": 2,
        "ty": 4,
        "nm": "admin-line",
        "sr": 1,
        "ks": {
            "o": {
                "a": 0,
                "k": 100,
                "ix": 11
            },
            "r": {
                "a": 0,
                "k": 0,
                "ix": 10
            },
            "p": {
                "a": 0,
                "k": [100, 106.667, 0],
                "ix": 2
            },
            "a": {
                "a": 0,
                "k": [0, 10.795, 0],
                "ix": 1
            },
            "s": {
                "a": 1,
                "k": [{
                    "i": {
                        "x": [0.6, 0.6, 0.6],
                        "y": [0.673, 0.507, 1]
                    },
                    "o": {
                        "x": [0.173, 0.173, 0.173],
                        "y": [0.164, 0.247, 0]
                    },
                    "t": 17,
                    "s": [74.777, 93.05, 100]
                }, {
                    "i": {
                        "x": [0.833, 0.833, 0.833],
                        "y": [0.833, 0.833, 1]
                    },
                    "o": {
                        "x": [0.369, 0.352, 0.352],
                        "y": [-0.012, -0.372, 0]
                    },
                    "t": 24,
                    "s": [90.819, 95.809, 100]
                }, {
                    "t": 30,
                    "s": [74.777, 93.05, 100]
                }],
                "ix": 6
            }
        },
        "ao": 0,
        "shapes": [{
            "ty": "gr",
            "it": [{
                "ind": 0,
                "ty": "sh",
                "ix": 1,
                "ks": {
                    "a": 0,
                    "k": {
                        "i": [
                            [0, 0],
                            [0, 0]
                        ],
                        "o": [
                            [0, 0],
                            [0, 0]
                        ],
                        "v": [
                            [0.164, -90.354],
                            [0.125, 16.179]
                        ],
                        "c": false
                    },
                    "ix": 2
                },
                "nm": "Path 1",
                "mn": "ADBE Vector Shape - Group",
                "hd": false
            }, {
                "ty": "tm",
                "s": {
                    "a": 1,
                    "k": [{
                        "i": {
                            "x": [0.667],
                            "y": [1]
                        },
                        "o": {
                            "x": [0.333],
                            "y": [0]
                        },
                        "t": 9,
                        "s": [0]
                    }, {
                        "t": 14,
                        "s": [100]
                    }],
                    "ix": 1
                },
                "e": {
                    "a": 1,
                    "k": [{
                        "i": {
                            "x": [0.667],
                            "y": [1]
                        },
                        "o": {
                            "x": [0.333],
                            "y": [0]
                        },
                        "t": 12,
                        "s": [0]
                    }, {
                        "t": 15,
                        "s": [65]
                    }],
                    "ix": 2
                },
                "o": {
                    "a": 0,
                    "k": 0,
                    "ix": 3
                },
                "m": 1,
                "ix": 2,
                "nm": "Trim Paths 1",
                "mn": "ADBE Vector Filter - Trim",
                "hd": false
            }, {
                "ty": "st",
                "c": {
                    "a": 0,
                    "k": [1, 0.7803921568627451, 0.12156862745098039, 1],
                    "ix": 3
                },
                "o": {
                    "a": 0,
                    "k": 100,
                    "ix": 4
                },
                "w": {
                    "a": 0,
                    "k": 8,
                    "ix": 5
                },
                "lc": 2,
                "lj": 2,
                "bm": 0,
                "nm": "Stroke 1",
                "mn": "ADBE Vector Graphic - Stroke",
                "hd": false
            }, {
                "ty": "tr",
                "p": {
                    "a": 0,
                    "k": [0.276, -3.011],
                    "ix": 2
                },
                "a": {
                    "a": 0,
                    "k": [0.276, -3.011],
                    "ix": 1
                },
                "s": {
                    "a": 0,
                    "k": [103.13, 83.349],
                    "ix": 3
                },
                "r": {
                    "a": 0,
                    "k": 0,
                    "ix": 6
                },
                "o": {
                    "a": 0,
                    "k": 100,
                    "ix": 7
                },
                "sk": {
                    "a": 0,
                    "k": 0,
                    "ix": 4
                },
                "sa": {
                    "a": 0,
                    "k": 0,
                    "ix": 5
                },
                "nm": "Transform"
            }],
            "nm": "Shape 1",
            "np": 4,
            "cix": 2,
            "bm": 0,
            "ix": 1,
            "mn": "ADBE Vector Group",
            "hd": false
        }],
        "ip": 0,
        "op": 40,
        "st": 0,
        "bm": 0
    }, {
        "ddd": 0,
        "ind": 3,
        "ty": 4,
        "nm": "elipse outline",
        "sr": 1,
        "ks": {
            "o": {
                "a": 0,
                "k": 100,
                "ix": 11
            },
            "r": {
                "a": 0,
                "k": 0,
                "ix": 10
            },
            "p": {
                "a": 0,
                "k": [100.383, 89.2, 0],
                "ix": 2
            },
            "a": {
                "a": 0,
                "k": [-2.363, -14.49, 0],
                "ix": 1
            },
            "s": {
                "a": 0,
                "k": [100.50300000000001, 100.50300000000001, 100],
                "ix": 6
            }
        },
        "ao": 0,
        "shapes": [{
            "ty": "gr",
            "it": [{
                "d": 1,
                "ty": "el",
                "s": {
                    "a": 0,
                    "k": [152, 152],
                    "ix": 2
                },
                "p": {
                    "a": 0,
                    "k": [0, 0],
                    "ix": 3
                },
                "nm": "Ellipse Path 1",
                "mn": "ADBE Vector Shape - Ellipse",
                "hd": false
            }, {
                "ty": "st",
                "c": {
                    "a": 0,
                    "k": [1, 0.7803921568627451, 0.12156862745098039, 1],
                    "ix": 3
                },
                "o": {
                    "a": 0,
                    "k": 100,
                    "ix": 4
                },
                "w": {
                    "a": 0,
                    "k": 6,
                    "ix": 5
                },
                "lc": 2,
                "lj": 2,
                "bm": 0,
                "nm": "Stroke 1",
                "mn": "ADBE Vector Graphic - Stroke",
                "hd": false
            }, {
                "ty": "tr",
                "p": {
                    "a": 0,
                    "k": [-2.744, -3.744],
                    "ix": 2
                },
                "a": {
                    "a": 0,
                    "k": [0, 0],
                    "ix": 1
                },
                "s": {
                    "a": 0,
                    "k": [97.77, 97.77],
                    "ix": 3
                },
                "r": {
                    "a": 0,
                    "k": 0,
                    "ix": 6
                },
                "o": {
                    "a": 0,
                    "k": 100,
                    "ix": 7
                },
                "sk": {
                    "a": 0,
                    "k": 0,
                    "ix": 4
                },
                "sa": {
                    "a": 0,
                    "k": 0,
                    "ix": 5
                },
                "nm": "Transform"
            }],
            "nm": "Ellipse 1",
            "np": 3,
            "cix": 2,
            "bm": 0,
            "ix": 1,
            "mn": "ADBE Vector Group",
            "hd": false
        }, {
            "ty": "tm",
            "s": {
                "a": 1,
                "k": [{
                    "i": {
                        "x": [0.383],
                        "y": [1]
                    },
                    "o": {
                        "x": [0.017],
                        "y": [-0.27]
                    },
                    "t": 0,
                    "s": [0]
                }, {
                    "t": 15,
                    "s": [100]
                }],
                "ix": 1
            },
            "e": {
                "a": 0,
                "k": 0,
                "ix": 2
            },
            "o": {
                "a": 0,
                "k": 0,
                "ix": 3
            },
            "m": 1,
            "ix": 2,
            "nm": "Trim Paths 1",
            "mn": "ADBE Vector Filter - Trim",
            "hd": false
        }],
        "ip": 0,
        "op": 40,
        "st": 0,
        "bm": 0
    }, {
        "ddd": 0,
        "ind": 4,
        "ty": 4,
        "nm": "Shape Layer 2",
        "sr": 1,
        "ks": {
            "o": {
                "a": 1,
                "k": [{
                    "i": {
                        "x": [0.478],
                        "y": [1.01]
                    },
                    "o": {
                        "x": [0.167],
                        "y": [0.167]
                    },
                    "t": 18,
                    "s": [0]
                }, {
                    "i": {
                        "x": [0.833],
                        "y": [0.833]
                    },
                    "o": {
                        "x": [0.593],
                        "y": [-0.001]
                    },
                    "t": 24,
                    "s": [19.263]
                }, {
                    "t": 30,
                    "s": [0]
                }],
                "ix": 11
            },
            "r": {
                "a": 0,
                "k": 0,
                "ix": 10
            },
            "p": {
                "a": 0,
                "k": [102.443, 102.69, 0],
                "ix": 2
            },
            "a": {
                "a": 0,
                "k": [0, 0, 0],
                "ix": 1
            },
            "s": {
                "a": 1,
                "k": [{
                    "i": {
                        "x": [0.507, 0.507, 0.833],
                        "y": [0.989, 0.989, 13.966]
                    },
                    "o": {
                        "x": [0.042, 0.042, 0.167],
                        "y": [0.504, 0.504, -12.966]
                    },
                    "t": 18,
                    "s": [0, 0, 100]
                }, {
                    "t": 24,
                    "s": [100.01100000000001, 100.01, 100]
                }],
                "ix": 6
            }
        },
        "ao": 0,
        "shapes": [{
            "ty": "gr",
            "it": [{
                "d": 1,
                "ty": "el",
                "s": {
                    "a": 0,
                    "k": [200, 200],
                    "ix": 2
                },
                "p": {
                    "a": 0,
                    "k": [0, 0],
                    "ix": 3
                },
                "nm": "Ellipse Path 1",
                "mn": "ADBE Vector Shape - Ellipse",
                "hd": false
            }, {
                "ty": "fl",
                "c": {
                    "a": 0,
                    "k": [1, 0.7803921568627451, 0.12156862745098039, 1],
                    "ix": 4
                },
                "o": {
                    "a": 0,
                    "k": 100,
                    "ix": 5
                },
                "r": 1,
                "bm": 0,
                "nm": "Fill 1",
                "mn": "ADBE Vector Graphic - Fill",
                "hd": false
            }, {
                "ty": "tr",
                "p": {
                    "a": 0,
                    "k": [-2.443, -2.69],
                    "ix": 2
                },
                "a": {
                    "a": 0,
                    "k": [0, 0],
                    "ix": 1
                },
                "s": {
                    "a": 0,
                    "k": [99.989, 99.99],
                    "ix": 3
                },
                "r": {
                    "a": 0,
                    "k": 0,
                    "ix": 6
                },
                "o": {
                    "a": 0,
                    "k": 100,
                    "ix": 7
                },
                "sk": {
                    "a": 0,
                    "k": 0,
                    "ix": 4
                },
                "sa": {
                    "a": 0,
                    "k": 0,
                    "ix": 5
                },
                "nm": "Transform"
            }],
            "nm": "Ellipse 1",
            "np": 3,
            "cix": 2,
            "bm": 0,
            "ix": 1,
            "mn": "ADBE Vector Group",
            "hd": false
        }, {
            "ty": "tm",
            "s": {
                "a": 1,
                "k": [{
                    "i": {
                        "x": [0.383],
                        "y": [1]
                    },
                    "o": {
                        "x": [0.017],
                        "y": [-0.27]
                    },
                    "t": 0,
                    "s": [0]
                }, {
                    "t": 15,
                    "s": [100]
                }],
                "ix": 1
            },
            "e": {
                "a": 0,
                "k": 0,
                "ix": 2
            },
            "o": {
                "a": 0,
                "k": 0,
                "ix": 3
            },
            "m": 1,
            "ix": 2,
            "nm": "Trim Paths 1",
            "mn": "ADBE Vector Filter - Trim",
            "hd": false
        }],
        "ip": 0,
        "op": 40,
        "st": 0,
        "bm": 0
    }],
    "markers": []
}