{
  "env": "${ENV}",
  "appBaseUrl": "${APP_BASE_URL}",
  "designAppUrl": "${DESIGN_APP_URL}",
  "vemioBaseUrl": "${VEMIO_BASE_URL}",
  "contactUsUrl": "${CONTACT_US_BASE_URL}",
  "liveChatProviderUrl": "${LIVE_CHAT_PROVIDER_URL}",
  "stripeClientKey": "${STRIPE_CLIENT_KEY}",
  "knowledgeBaseUrl": "${KNOWLEDGE_BASE_URL}",
  "apiBaseUrl": "${API_BASE_URL}",
  "apiVersion": "${API_VERSION}",
  "paymentApiUrl": "${PAYMENT_API_URL}",
  "paymentApiVersion": "${PAYMENT_API_VERSION}",
  "iconRepoApiUrl": "${ICON_REPO_API_URL}",
  "iconRepoApiVersion": "${ICON_REPO_API_VERSION}",
  "marketplaceApiUrl": "${MARKET_PLACE_API_URL}",
  "marketplaceApiVersion": "${MARKET_PLACE_API_VERSION}",
  "accountServerApiUrl": "${ACCOUNT_SERVER_API_URL}",
  "accountServerApiVersion": "${ACCOUNT_SERVER_API_VERSION}",
  "recordSavingToLocalStateIsAllowed": "${RECORD_SAVING_TO_LOCAL_STATE_ALLOWED}",
  "stsAuthority": "${ID_SERVER_STS_AUTHORITY}",
  "clientId": "${ID_SERVER_CLIENT_ID}",
  "postLoginRedirectUri": "${ID_SERVER_POST_LOGIN_REDIRECT_URI}",
  "postLogoutRedirectUri": "${ID_SERVER_POST_LOGOUT_REDIRECT_URI}",
  "scope": "${ID_SERVER_SCOPE}",
  "responseType": "${ID_SERVER_SCOPE_TYPE}",
  "silentRedirectUri": "${ID_SERVER_POST_SILENT_REDIRECT_URI}",
  "reportApiUrl":"${REPORT_API_URL}",
  "reportApiVersion": "${REPORT_API_VERSION}"
}
