{
  "env": "",
  "appBaseUrl": "",
  "designAppUrl": "",
  "vemioBaseUrl": "",
  "contactUsUrl": "",
  "liveChatProviderUrl": "",
  "stripeClientKey": "",
  "knowledgeBaseUrl": "",
  "apiBaseUrl": "",
  "apiVersion": "",
  "paymentApiUrl": "",
  "paymentApiVersion": "",
  "iconRepoApiUrl": "",
  "iconRepoApiVersion": "",
  "marketplaceApiUrl": "",
  "marketplaceApiVersion": "",
  "accountServerApiUrl": "",
  "accountServerApiVersion": "",
  "recordSavingToLocalStateIsAllowed": "",
  "stsAuthority": "",
  "clientId": "",
  "postLoginRedirectUri": "",
  "postLogoutRedirectUri": "",
  "scope": "",
  "responseType": "",
  "silentRedirectUri": "",
  "reportApiUrl":"",
  "reportApiVersion": ""
}
